
-- phpMyAdmin SQL Dump
-- version 3.5.2.2
-- http://www.phpmyadmin.net
--
-- Anamakine: localhost
-- Üretim Zamanı: 21 Haz 2015, 15:56:53
-- Sunucu sürümü: 10.0.12-MariaDB
-- PHP Sürümü: 5.2.17

SET SQL_MODE="NO_AUTO_VALUE_ON_ZERO";
SET time_zone = "+00:00";


/*!40101 SET @OLD_CHARACTER_SET_CLIENT=@@CHARACTER_SET_CLIENT */;
/*!40101 SET @OLD_CHARACTER_SET_RESULTS=@@CHARACTER_SET_RESULTS */;
/*!40101 SET @OLD_COLLATION_CONNECTION=@@COLLATION_CONNECTION */;
/*!40101 SET NAMES utf8 */;

--
-- Veritabanı: `u284471548_kod`
--

-- --------------------------------------------------------

--
-- Tablo için tablo yapısı `istatistik`
--

CREATE TABLE IF NOT EXISTS `istatistik` (
  `soru_kategori_sayisi` int(11) NOT NULL,
  PRIMARY KEY (`soru_kategori_sayisi`)
) ENGINE=MyISAM DEFAULT CHARSET=utf8mb4;

--
-- Tablo döküm verisi `istatistik`
--

INSERT INTO `istatistik` (`soru_kategori_sayisi`) VALUES
(12);

-- --------------------------------------------------------

--
-- Tablo için tablo yapısı `konular`
--

CREATE TABLE IF NOT EXISTS `konular` (
  `konu_id` int(11) NOT NULL AUTO_INCREMENT,
  `yayin_tarihi` timestamp NOT NULL DEFAULT CURRENT_TIMESTAMP,
  `konu_baslik` text NOT NULL,
  `konu_icerik` text NOT NULL,
  `kategori` text NOT NULL,
  `okunma` int(11) NOT NULL,
  `alt_kategori` varchar(80) NOT NULL,
  `konu_resmi` varchar(80) NOT NULL,
  PRIMARY KEY (`konu_id`)
) ENGINE=MyISAM  DEFAULT CHARSET=utf8 AUTO_INCREMENT=19 ;

--
-- Tablo döküm verisi `konular`
--

INSERT INTO `konular` (`konu_id`, `yayin_tarihi`, `konu_baslik`, `konu_icerik`, `kategori`, `okunma`, `alt_kategori`, `konu_resmi`) VALUES
(3, '2015-05-03 14:08:30', 'HTML5''de Liste Oluşturma', 'Sayfalarda içerik oluştururken bazı bilgilerin listeler halinde yazılması gerekebilir.Böyle durumlarda liste oluşturmak için <b>&lt;ul>, &lt;ol> veya &lt;dl></b> etiketlerini \r\n	 kullanırız.<b>&lt;ul></b> etiketini sırasız, <b>&lt;ol></b> etiketini sıralı, <b>&lt;dl></b> etiketini iç içe listeler için kullanırız.Aynı zamanda bu etiketler yalnızca liste oluşturmak için değil, başka türlü içerikler oluşturmak \r\n	 içinde kullanılır.Özellikle css ile birlikte menü tasarımında çokca kullanılır.Şimdi gelelim nedir bu liste kavramı...<br /><br />\r\n	 <b><i>&lt;ul> etiketi : </i></b>Bu etiket maddeleri sırasız bir biçimde yani başında numara olmadan, siyah nokta, kare, daire gibi nesnelerle maddeler.<br /><br />\r\n	 <div class="pre"><pre class="brush :xml">&lt;ul>\r\n  &lt;li>HTML5&lt;/li>\r\n  &lt;li>CSS&lt;/li>\r\n  &lt;li>JAVASCRİPT&lt;/li>\r\n&lt;/ul> </pre></div><br /><i>Bu kodun çıktısı : </i><code><ul>\r\n  <li>HTML5</li>\r\n  <li>CSS</li>\r\n  <li>JAVASCRİPT</li>\r\n</ul></code> Başlarındaki nesneyi type özelliği ile değiştirebiliriz.<br /><br />\r\n	 <div class="pre"><pre class="brush :xml">&lt;ul type="square">\r\n  &lt;li>HTML5&lt;/li>\r\n  &lt;li type="circle">CSS&lt;/li>\r\n  &lt;li type="none">JAVASCRİPT&lt;/li>\r\n&lt;/ul> </pre></div><br /><i>Kodun çıktısı : </i><code><ul type="square">\r\n  <li>HTML5</li>\r\n  <li type="circle">CSS</li>\r\n  <li type="none">JAVASCRİPT</li>\r\n</ul></code>Görüldüğü gibi hiçbir özellik yazmadığımız html5 maddesi, &lt;ul> tagına verdiğimiz kare tipinde maddelendi.Diğer maddelere ise özel olarak tip belirttiğimiz için o tipte sıralandılar.Bu da html''deki\r\nhiyerarşik yapıya güzel bir örnektir.\r\n<br /><br /><b><i>&lt;ol> etiketi : </i></b>Maddeleri listlerken belli bir sıra kriterine göre sıralar.Bu sıra kriteri numara, harfler yada roma rakamları olabilir.Belirtmediğimiz takdirde varsayılan sıralama kriteri sayılardır.<br /><br />\r\n	 <div class="pre"><pre class="brush :xml">&lt;ol>\r\n  &lt;li>HTML5&lt;/li>\r\n  &lt;li>CSS&lt;/li>\r\n  &lt;li>JAVASCRİPT&lt;/li>\r\n&lt;/ol> </pre></div><br /><i>Çıktısı : </i><code><ol>\r\n  <li>HTML5</li>\r\n  <li>CSS</li>\r\n  <li>JAVASCRİPT</li>\r\n</ol></code>Yine type özelliği ile sıralama kriterlerini değiştirebiliriz.Maddleri roma rakamları ile sıralamak istersek type="I" ,harflerle sıralamak istersek type="a" özelliklerini kullanmalıyız.<br /><br />\r\n	 <div class="pre"><pre class="brush :xml">&lt;ol type="a">\r\n  &lt;li>HTML5&lt;/li>\r\n  &lt;li>CSS&lt;/li>\r\n  &lt;li>JAVASCRİPT&lt;/li>\r\n&lt;/ol> </pre></div><br /><i>Kodun çıktısı : </i><code><ol type="a">\r\n  <li>HTML5</li>\r\n  <li>CSS</li>\r\n  <li>JAVASCRİPT</li>\r\n</ol></code><b><i>&lt;dl> etiketi : </i></b>Maddeleri iç içe sıralamayı sağlar.<br /><br />\r\n	 <div class="pre"><pre class="brush :xml">&lt;dl>\r\n  &lt;dt>Programlama Dili&lt;/dt>\r\n  &lt;dd>Php&lt;/dd>\r\n  &lt;dt>İşaretleme Dili&lt;/dt>\r\n  &lt;dd>Html&lt;/dd>\r\n&lt;/dl> </pre></div><br /><i>Çıktısı : </i><code><dl>\r\n  <dt>Programlama Dili</dt>\r\n  <dd>Php</dd>\r\n  <dt>İşaretleme Dili</dt>\r\n  <dd>Html</dd>\r\n</dl></code>Bu şekilde iç içe listeler hazırlayabilirsiniz.Bir sonraki konumuzda görüşmek dileği ile.', 'webdunyasi', 101, 'html5', '../img/konuresimleri/listeler_konu_resmi.jpg'),
(1, '2015-04-28 22:57:42', 'HTML5''e Giriş', '<h2>HTML Nedir?</h2><p>&nbsp &nbsp HTML(Hypertext Markup Language) dili işaretleme dilinin bir türevidir.Yani bir programlama dili değildir.Ekranda \r\n	 görüntülenecek içeriğin yapılandırılmasını sağlar.HTML5''in geliştirilmeye başlanmasıyla sadece html5, css ve javascript kullanılarak harika siteler tasarlanabilir.</p><h2>HTML5</h2><p>&nbsp&nbsp&nbsp HTML5 adeta\r\n	 bir devrim gibi gelmiştir.Birlikte gelen gelen video ve ses oynatabilme desteği gibi birçok destek mevcuttur.Html 4.01''de hata yapılan birçok kod html5''de gözardı edilir buda geliştiricilere büyük katkı sağlamıştır.Şimdi \r\n	 yavaş yavaş HTML5 dünyasına adım atalım.<br /><br /><font color="blue">\r\n	 &nbsp &nbsp Örnek bir HTML5 kodu ve görüntüsü:</font></p><div class="pre"><pre class="brush: xml;">\r\n&lt;!DOCTYPE html>\r\n&lt;html>\r\n&lt;head>\r\n&lt;title>Sayfa Başlığı&lt;/title>\r\n&lt;/head>\r\n&lt;body>\r\n<h1>Ana Başlık</h1>\r\n<p>Paragraf.</p>\r\n&lt;/body>&lt;/html></pre></div>\r\n	 <p>Web sayfalarında olmazsa olmaz etiketler vardır.Bunlarla başlayalım.Belgerimizde <b>DOCTYPE</b> \r\n	 bildirimi yapmak zorunludur.Belgenin tanımlanması için kod başlangıcına bu direktif yerleştirilir.Bu koddaki bildirim html5''e ait olan bildirimdir.<br /><br /><b>&lt;html&gt; etiketi:</b>Web sayfasının kök elementidir.Her sayfa bu kodla başlar ve biter.<br /><br />\r\n	 <b>&lt;head&gt; etiketi:</b>Web sayfasını ilgilendiren bilgilerin bulunduğu bölümdür.&lt;title&gt;,&lt;link&gt;,&lt;meta&gt; gibi etiketler bu bölüme yazılır.<br /><br />\r\n	 <b>&lt;title&gt; etiketi:</b>Web sayfasını tanıtan içerikle ilgili başlığın yazıldığı bölümdür.Arama motorları açısından büyük önem taşır ve yazılması zorunludur.<br /><br />\r\n	 <b>&lt;meta&gt; etiketi:</b>Arama motorlarına site içi bilgilerinin belirtilmesi için kullanıldığı gibi sitenin yazı karakteri kodlama biçimini tanımlamak içinde kullanılır.<br /><br />\r\n	 <b>&lt;body&gt; etiketi:</b>Web sayfasının görünen kısmıdır tüm görsel içerik burada yer alır.<br /><br />\r\n	 <b>Html sayfalarına başlık ekleme:</b><br /><br />Başlıkları (&lt;h&gt;) elementi ile belirleriz &lt;h1&gt;...&lt;h6&gt; arası farklı önemde 6 başlık elementi vardır.<br />\r\n	 <div class="pre"><pre class="brush: xml;"> &lt;h1>Başlık1&lt;/h1>\r\n&lt;h2>Başlık2&lt;/h2>\r\n&lt;h3>Başlık3&lt;/h3>\r\n&lt;h4>Başlık4&lt;/h4>\r\n&lt;h5>Başlık5&lt;/h5>\r\n&lt;h6>Başlık6&lt;/h6></pre></div>\r\n<code><h1>Başlık1</h1>\r\n<h2>Başlık2</h2>\r\n<h3>Başlık3</h3>\r\n<h4>Başlık4</h4>\r\n<h5>Başlık5</h5>\r\n<h6>Başlık6</h6></code>Görüldüğü gibi hepsi farklı boyut almaktadır.Arama motorları optimizasyonu için\r\n     sayfamızda en az bir tane h1(anabaşlık) etiketi bulundurmalıyız.<br /><br /><b>Paragraflar:</b><br /><br />İlkokulda öğrendiğimiz gibi paragraf konu içeriğimizin yer aldığı bölümdür.&lt;p&gt;...&lt;/p&gt; etiketleri arasına yazılır.\r\n	 <br /><br /><b>Sık kullanılan html etiketleri ve görevleri:</b><br /><br />\r\n	 <table>\r\n<tr><td><code>&lt;i&gt;</code></td><td> -Yazıyı italik(<i>yana eğik</i>) yapar.</td></tr>\r\n<tr><td><code>&lt;b&gt;</code></td><td> -Yazıyı kalın yapar.</td></tr>\r\n<tr><td><code>&lt;u&gt;</code></td><td> -Yazının altını çizer.</td></tr>\r\n<tr><td><code>&lt;a&gt;</code></td><td> -Link vermek için kullanılır.</td></tr>\r\n<tr><td><code>&lt;ul&gt; &amp; &lt;li&gt;</code></td><td> -Sıralı ve sırasız liste yapmak için kullanılır.</td></tr>\r\n<tr><td><code>&lt;blockquote&gt;</code></td><td> -Alıntı yaparken kullanılır.</td></tr>\r\n<tr><td><code>&lt;hr&gt;</code></td><td> -Sayfaya yatay çizgi çizer.</td></tr>\r\n<tr><td><code>&lt;img&gt;</code></td><td> -Resim eklemek için kullanılır.</td></tr>\r\n<tr><td><code>&lt;div&gt;</code></td><td> -Elemanları çevreleyerek şekillendirmeye yarar.Daha çok css''de kullanılır.</td></tr></table><br /><br /><br />\r\nBurada gördüğünüz temel ve ençok kullanılan html etiketleridir ilerki bölümlerde ayrıntılı bir biçimde anlatacağız.Şimdiye kadar öğrendiğimiz bu etiketlerle basit sayfalar oluşturabilirsiniz unutmayın \r\nyazılım dünyasında sadece okuyarak pratik yapmadan öğrenmeniz mümkün değildir.Son olarak HTML çalışmanız için basit ve kullanışlı olan notepad++ programını öneriyorum internette kolayca bulabilirsiniz.<br /><br />\r\nBir sonraki konumuzda görüşmek dileği ile...\r\n</p>', 'webdunyasi', 42, 'html5', '../img/konuresimleri/html5planet.png'),
(2, '2015-05-01 22:17:17', 'HTML5 sayfaya resim eklemek', 'Resimler web sayfalarının vazgeçilmez elamanlarındandır ve web sayfalarının göze daha iyi görünmesini sağlarlar.HTML''de resimleri &lt;img> tagıyla ekleriz.<br /> &nbsp &nbsp &nbsp <i>Örnek kullanım:</i><div class="pre"><pre class="brush: xml">&lt;img src="resim.png" alt="resim açıklaması" height="50" width="50" /></pre></div><br /> Her html tagında olduğu gibi &lt;img> tagının da bazı özellikleri(attributes) vardır.Bunlar:<br /><br />\r\n	   <table>\r\n<tr><td><code>src="url"</code></td><td> -Resim dosyasının adını ve bulunduğu adres bilgilerinin yazıldığı yerdir.</td></tr>\r\n<tr><td><code>alt="yazı"</code></td><td> -Resime açıklama girmemizi sağlar.Seo için girmemiz önemlidir.</td></tr>\r\n<tr><td><code>width="sayı"</code></td><td> -Resimin genişliğini belirler..</td></tr>\r\n<tr><td><code>height="sayı"</code></td><td> -Resimin boy değerini belirler.</td></tr>\r\n<tr><td><code>border="sayı"</code></td><td> -Resimi çerçeveye alır.Html5''de desteklenmez.</td></tr>\r\n<tr><td><code>hspace="sayı"</code></td><td> -Resimin, yanlardan ne kadar boşluk alacağını belirler.Html5''de desteklenmez.</td></tr>\r\n<tr><td><code>vspace="sayı"</code></td><td> -Resimin, üst ve alttan ne kadar boşluk alacağını belirler.Html5''de desteklenmez.</td></tr>\r\n      </table><br /><br />\r\n	   Bu özelliklerle html sayfalarımıza grafik dosyaları ekleyebiliriz.Yukarıda belirttiğimiz özelliklerin bazı inceliklerinden bahsedelim.Resimlere src(url) yazarken resim dosyamızla\r\n	   sayfamız aynı konumda ise örnek kullanımda verdiğimiz gibi sadece resim ismi ve uzantısını yazarak görüntüleyebiliriz.Fakat resim farklı konumdaysa direk adresini yazarız.Örneğin resimi bir internet sitesinden çekiyorsak:<br /><br />\r\n	    <div class="pre"><pre class="brush: xml">&lt;img src= "http://kodbilimi.com/img/konuresimleri/kedi_11.jpg" alt="kedi resmi" height="250" width="250" /></pre></div><br /> Bu kodun çıktısı : <br />\r\n		<img src="../img/konuresimleri/kedi_11.jpg" alt="kod_çıktısı_1" height="250" width="250" /><br /><br />Border, vspace ve hspace özelliklerini html5 desteklemez bu yüzden html5 ile \r\n         kodladığımız sayfalarda kullanmamamız gerekir.Bu özelliklerin hepsinin css karşılıkları vardır ve html5''de bunları css ile yaparız.Html5''i tamamıyla bitirdiğinizde css ile devam etmenizi öneriyorum.\r\n         Bir sonraki konumuzda görüşmek dileği ile.	', 'webdunyasi', 103, 'html5', '../img/konuresimleri/img_tag.jpg'),
(4, '2015-05-03 22:55:43', 'HTML5 Linkler', 'Linkler web sitelerin içeriğine erişmek için kullanılan birer köprüdür.Her sayfaya ait bir benzersiz bir adres mevcuttur.Linkleri &lt;a> etiketiyle ekleriz.<br /><br />\r\n	 &nbsp; &nbsp; <i>Örnek kullanım : </i><br /><br /><div class="pre"><pre class="brush: xml">&lt;a  href="sayfa adresiniz" > Açıklama &lt;/a></pre></div><br /><br />\r\n	 Site içi ve site dışı olmak üzere iki çeşit link vardır.<br /><br /><b><i>Site İçi Linkler : </i></b>Site içerisinde herhangi bir sayfaya gitmeyi sağlayan linklerdir.<br /><br />\r\n	 &nbsp; &nbsp; <i>Örnek kullanım : </i><br /><br /><div class="pre"><pre class="brush: xml">&lt;a  href="./anasayfa.html" > Anasayfaya gidin... &lt;/a></pre></div><br /><br />\r\n	 Kodun başındaki tek nokta gidilecek sayfanın bulunduğumuz sayfayla aynı klasörde olduğunu belirtir.Eğer gidilecek sayfa bir dış klasörde ise iki nokta ile ifade ederiz.<br /><br />\r\n	 &nbsp; &nbsp; <i>Örnek kullanım : </i><br /><br /><div class="pre"><pre class="brush: xml">&lt;a  href="../../anasayfa.html" > Anasayfaya gidin... &lt;/a></pre></div><br /><br />\r\n	 Bu kod gidilecek sayfanın iki dış klasörde olduğunu ifade eder.<br /><br /><b><i>Site Dışı Linkler : </i></b>Site dışı linklerde aynı site içi linkler gibi tanımlanırlar.Örneğin \r\n	 aşağıdaki linkler buna örnek olarak verilebilir.<br /><br /><div class="pre"><pre class="brush: xml">&lt;a  href="http://www.google.com" > Google &lt;/a>\r\n&lt;a  href="http://www.youtube.com" > Youtube &lt;/a></pre></div><br /><br />Bu arada target özelliğinden de bahsedelim.Target özelliği linkler için yer belirlemeyi sağlar.Aşağıda \r\ntarget elementinin alabileceği değerler gösterilmiştir.<br /><br /><b><table><tr><td>target="_blank"</td><td>Bağlantıyı yeni sekmede açar.</td></tr><tr><td>target="_self"</td><td>Bağlantıyı aynı sekmede açar.</td></tr><tr><td>target="_top"</td><td>Bağlantıyı aynı pencer içersinde en üstte açar.</td></tr></table></b><br /><br />\r\nTarget özelliğinin etkilerini deneyerek görebilirsiniz.Şimdilik konumuz bu kadar bir sonraki konuda görüşmek diliği ile.', 'webdunyasi', 94, 'html5', '../img/konuresimleri/html5_link.png'),
(5, '2015-05-05 21:43:57', 'HTML5 Tablo Ekleme', 'Eski web uygulamarında tablo elementi, birçok veriyi yerli yerinde görüntülediği için çok sık kullanılan bir elementti.Günümüzde css''in gelişmesiyle\r\n	  table elementi popülerliğini kaybetti.Yinede bazı verilerin yerli yerinde ve düzgün gösterilmesi için hala vazgeçilmez bir etikettir.<br />\r\n	  HTML5 ile birlikte table elementinin border dışındaki bütün  özellikleri kaldırılmıştır.Çünkü bu özellikleri css ile yapabilmekteyiz.<br /><br />\r\n	  <b>Tablo Yapısı : </b>Tablolar &lt;table> elementi ile başlar ve biter.&lt;tr> elementi ile hücreleri yerleştirmek için satır açarız.&lt;th> elementi ile açdığımız satırlara\r\n	  başlık verebiliriz.Son olarak &lt;td> elementi satır ve sütünların birleşim yerlerini yani hücreleri ifade eder.<br /><br />\r\n	   <i>Örnek Kullanım : </i><br /><br /><div class="pre"><pre class="brush: xml">&lt;table border="1">\r\n&lt;tr>\r\n &lt;th>1. Nesil Diller&lt;/th>\r\n &lt;th>2. Nesil Diller&lt;/th>\r\n &lt;th>3. Nesil Diller&lt;/th>\r\n&lt;/tr>\r\n&lt;tr>\r\n &lt;td> ARM &lt;/td>\r\n &lt;td> BAL (Basic AssembLer) &lt;/td>\r\n &lt;td> C++ &lt;/td>\r\n&lt;/tr>\r\n&lt;tr>\r\n &lt;td> IBM 360 &lt;/td>\r\n &lt;td> NASM (Netwide Assembler) &lt;/td>\r\n &lt;td> Java &lt;/td>\r\n&lt;/tr>	   \r\n&lt;/table></pre></div><br /><br /><i>Çıktısı : </i><br /><br />\r\n<code><table border="1">\r\n<tr>\r\n <th>1. Nesil Diller</th>\r\n <th>2. Nesil Diller</th>\r\n <th>3. Nesil Diller</th>\r\n</tr>\r\n<tr>\r\n <td> ARM </td>\r\n <td> BAL (Basic AssembLer) </td>\r\n <td> C++ </td>\r\n</tr>\r\n<tr>\r\n <td> IBM 360 </td>\r\n <td> NASM (Netwide Assembler) </td>\r\n <td> Java </td>\r\n</tr>	   \r\n</table>\r\n</code>\r\n <br />Border özelliğimizi 0 yapsaydık kenarlıklarımız gözükmeyecek ama elementlerimiz aynı düzende kalmaya devam edecektir.\r\n <br />Tablolarımıza genel başlık vermek istersek ise &lt;caption> elementinden yararlanırız.\r\n <i>Örnek Kullanım : </i><br /><br /><div class="pre"><pre class="brush: xml">&lt;table border="0">\r\n&lt;tr>\r\n &lt;th>Ürün Adı&lt;/th>\r\n &lt;th>Fiyatı&lt;/th>\r\n&lt;/tr>\r\n&lt;tr>\r\n &lt;td> Defter &lt;/td>\r\n &lt;td> 3TL &lt;/td>\r\n&lt;/tr>\r\n&lt;tr>\r\n &lt;td> Kalem &lt;/td>\r\n &lt;td> 1TL &lt;/td>\r\n&lt;/tr>\r\n&lt;tr bgcolor="#4fe12">\r\n &lt;td> Toplam &lt;/td>\r\n &lt;td> 5TL &lt;/td>\r\n&lt;/tr>	   \r\n&lt;/table></pre></div><br /><br />\r\n <br /><br /><i>Çıktısı : </i><br /><br />\r\n<code><table border="0">\r\n<tr>\r\n <th>Ürün Adı</th>\r\n <th>Fiyatı</th>\r\n</tr>\r\n<tr>\r\n <td> Defter </td>\r\n <td> 3TL </td>\r\n</tr>\r\n<tr>\r\n <td> Kalem </td>\r\n <td> 1TL </td>\r\n</tr>\r\n<tr bgcolor="#4fe12">\r\n <td> Toplam </td>\r\n <td> 4TL </td>\r\n</tr>	   \r\n</table>\r\n</code><br /><br />Aynı zamanda yukarıda kullandığımız gibi istediğimiz satırı, sütünü ve hücreyi renklendirebiliriz.<br /><br />\r\nTabloların hücrelerine aynı zamanda resimler de koyabiliriz herşey sizin hayal gücünüze kalmış.Bu konuda pratik yaparak kendinizi geliştirebilirsiniz.İyi çalışmalar diliyoruz...', 'webdunyasi', 39, 'html5', '../img/konuresimleri/html5_table.png'),
(6, '2015-05-06 11:01:26', 'HTML5 Formlar', 'Formlar web sayfalarında kullanıcı ile etkileşim halinde olmamızı sağlar.Neredeyse tüm sitelerde gördüğümüz text, şifre, yorum alanları birer\r\n	 form elementidir.<br /><br /><i>Örnek bir form kodu : </i><br /><br /><div class="pre"><pre class="brush: xml">&lt;form  method="POST" action="sorgula.php">\r\nAdınız : &lt;input type="text" name="isim" value="" />\r\n&lt;br />\r\nSoyadınız : &lt;input type="text" name="soyisim" value="" />\r\n&lt;br />\r\n&lt;input type="submit" name="gönder" value="Gönder" />\r\n&lt;/form>\r\n</pre></div><br /><br /><i>Çıktısı : </i><br /><br /><code><form>\r\nAdınız : <input type="text" name="isim" value="" />\r\n<br />\r\nSoyadınız : <input type="text" name="soyisim" value="" />\r\n<br />\r\n<input type="submit" name="gönder" value="Gönder" />\r\n</form>\r\n</code><br /><hr /><br />\r\nForm elementinin bahsetmemiz gereken bazı özellikleri vardır.Bunlarla başlayalım...<br /><br />\r\n<table>\r\n <tr>\r\n  <td width="150"><b>action = "URI"</b></td><td width="*">Forma girilen bilgilerin iletileceği sayfayı tanımlar.Bu sayfa form bilgilerini alır ve işler genelde php sayfasıdır.Action tanımlanmadığı takdirde değerleri bulunduğu sayfaya gönderir.</td>\r\n </tr>\r\n <tr height="250">\r\n  <td width="150"><b>method = "GET veya POST"</b></td><td width="*">Formdaki bilgileri hedef sayfaya gönderirken kullanılacak olan yönteme denir.Get metodu çok büyük veri aktarımlarında kullanılmaz.Çünkü bu metod adres satırında gözükür ve bilgileri tek seferde gönderir.Post metodu ise bilgileri gönderirken adres çubuğunda göstermediği için gizlilik gerektiren durumlarda ve büyük veri aktarımlarında kullanılır.</td>\r\n </tr>\r\n <tr>\r\n  <td width="150"><b>name = "isim"</b></td><td width="*">Script dillerinin bazen başvurduğu bir referans değer olarak kullanılır.</td>\r\n </tr>\r\n  <tr height="250">\r\n  <td width="150"><b>accept = "içerik tipi"</b></td><td width="*">Bu özellik ile dosya transferi için kullanılan form elementinde, izin verilmek istenen dosya türleri ayarlanabilir.Bu özelliğe form elementlerinde detaylıca bakıcaz. </td>\r\n </tr>\r\n</table><hr /><b>Form Elementleri : </b>Her &lt;input> elementine bağlı, type özelliğine verilen değerlere göre oluşan, bir form elementi vardır.Bunları tek tek ele alalım.<br /><br />\r\n<table>\r\n <tr>\r\n  <th width="150"></th><th><i>Kullanımı</i></th><th><i>Çıktısı</i></th>\r\n </tr>\r\n <tr>\r\n  <td width="150" rowspan="11"><b>&lt;input type=</b></td><td>"text" </td><td><input type="text" /></td><td>Kullanıcıdan basit textler almak için kullanılır.</td>\r\n </tr>\r\n <tr>\r\n  <td width="150">"password" </td><td><input type="password" /></td><td>Şifre girişi içindir girilen karakterleri siyah nokta olarak gösterir.</td>\r\n </tr>\r\n <tr>\r\n  <td width="150">"checkbox" </td><td><input type="checkbox" /></td><td>Seçim yapma aracıdır birden fazla şık işaretlenebilir.</td>\r\n </tr>\r\n <tr width="150">\r\n  <td>"radio" </td><td width="250"><input type="radio" /></td><td>Checkboxdan farkı sadece bir şıkkın seçilebilmesidir.</td>\r\n </tr>\r\n <tr width="150">\r\n  <td>"submit" </td><td width="250"><input type="submit" value="submit" /></td><td>Buton olarak kullanılır.</td>\r\n </tr>\r\n <tr width="150">\r\n  <td>"file" </td><td width="250"><input type="file" /></td><td>Dosya seçimi yaptırmak için kullanılır.</td>\r\n </tr>\r\n <tr width="150">\r\n  <td>"date" </td><td width="250"><input type="date" /></td><td>Tarih seçimi yapmak için kullanılır..</td>\r\n </tr>\r\n <tr width="150">\r\n  <td>"time" </td><td width="250"><input type="time" /></td><td>Zaman seçimi yaptırmak için kullanılır.</td>\r\n </tr>\r\n <tr width="150">\r\n  <td>"range" </td><td width="250"><input type="range" /></td><td>Kaydırma çubuğu aracılığı ile seçim yapılmasını sağlar.</td>\r\n </tr>\r\n  <tr width="150">\r\n  <td>"color" </td><td width="250"><input type="color" /></td><td>Renk seçimi yaptırmak için kullanılır.</td>\r\n </tr>\r\n</table><br /><br />\r\nBir sonraki konumuzda bu elementlerin özellikleri detaylıca incelenerek anlatılmıştır.Formlar konusu web için önemli bir konudur ve bu konu üzerinde detaylıca durmanızı öneririz.Bir\r\n sonraki konumuzda görüşmek dileği ile.', 'webdunyasi', 81, 'html5', '../img/konuresimleri/html5_formlar.jpg'),
(7, '2015-05-07 20:08:52', 'HTML5 Form Elementleri Detaylı Anlatım', 'Bir önceki konumuzda formların genel özelliklerinden ve bazı inputlardan bahsetmiştik.Şimdi bu giriş tiplerine detaylıca bakalım.<br /><br />\r\n	 <b><i>&lt; input type="text"> : </i></b>Genel kullanıcı adı, ad, soyad gibi kısa bilgilerin alınmasını sağlayan elementidir.<br /><br />\r\n	   <i> Örnek Kullanım : </i><br /><br /><div class="pre"><pre class="brush: xml">&lt;input type="text" name="textbox" value="selam" size="15" maxlength="15" /></pre></div><br />\r\n	   <i> Çıktısı : </i><code><input type="text" name="textbox" value="selam" size="15" maxlength="15" /></code><br /><br /><i> Alt özellikleri : </i>\r\n	   <br /><br /><b>name : </b>Veriyi temsil eden isimdir.Script dillerinde bu isme göre veri çağrılır.	   \r\n	   <br /><b>value : </b>Value textbox''taki veridir.Yani bir script dilinde veri ismi ile çağırılsa value değeri gider.	   \r\n	   <br /><b>size : </b>Textbox''ın görünen uzunluğunu ayarlar.	   \r\n	   <br /><b>maxlength : </b>Textbox''a maksimum girilebilecek karakter sayısını ayarlar.<br /><br />\r\n	 <b><i>&lt; input type="password"> : </i></b>Şifrelerin girilmesi için kullanılan form elementidir.<br /><br />\r\n	   <i> Örnek Kullanım : </i><br /><br /><div class="pre"><pre class="brush: xml">&lt;input type="password" name="pass" value="sifre" size="15" maxlength="15" /></pre></div><br />\r\n	   <i> Çıktısı : </i><code><input type="password" name="pass" value="sifre" size="15" maxlength="15" /></code><br /><br /><i> Alt özellikleri : </i>\r\n	   <br /><br />Textbox ile aynı alt özelliklere sahiptir.Yalnızca girilen bilgileri siyah nokta olarak gösterir.<br /><br />\r\n	 <b><i>&lt; input type="checkbox"> : </i></b>Kullanıcıya birden fazla seçeneği seçme hakkı tanıyan form elementidir.<br /><br />\r\n	   <i> Örnek Kullanım : </i><br /><br /><div class="pre"><pre class="brush: xml">&lt;label>&lt;input type="checkbox" name="check" checked="checked" />Checkbox1&lt;/label>\r\n&lt;label>&lt;input type="checkbox" name="check" />Checkbox2&lt;/label></pre></div><br />\r\n	   <i> Çıktısı : </i><code><label><input type="checkbox" name="check" checked="checked" />Checkbox1</label><label><input type="checkbox" name="check" />Checkbox2</label></code><br /><br /><i> Alt özellikleri : </i>\r\n	   <br /><br /><b>checked : </b>Checkbox''ın kullanıcıya işaretli bir biçimde sunulması için kullanılır..<br /><br />\r\n	   <b>&lt;label></b> elementi ise yazı ile checkbox kutucuğunun bir bütün olarak değerlendirilmesini sağlar.Yani yazıya tıklasak bile checkbox kutucuğu işaretlenir.<br /><br />\r\n	 <b><i>&lt; input type="radio"> : </i></b>Checkbox''tan farklı olarak seçeneklerden yalnız bir tanesinin seçilmesini sağlar.<br /><br />\r\n	   <i> Örnek Kullanım : </i><br /><br /><div class="pre"><pre class="brush: xml">&lt;label>&lt;input type="radio" name="radio" checked="checked" />Radio1&lt;/label>\r\n&lt;label>&lt;input type="radio" name="radio" />Radio2&lt;/label></pre></div><br />\r\n	   <i> Çıktısı : </i><code><label><input type="radio" name="radio" checked="checked" />Radio1</label><label><input type="radio" name="radio" />Radio2</label></code><br /><br /><i> Alt özellikleri : </i>\r\n	   <br /><br />Checkbox''dan pek farkı yoktur.Yalnızca radio guruplarında, yukarıdaki örnek gibi, tüm radio elementlerine aynı isimin verilmesi gerekir.Aksi takdirde radio butonun asıl özelliği olan tek bir seçeneğin seçilme şartı ortadan kalkar.Deneyip görebilirsiniz.<br /><br />\r\n	 <b><i>&lt; input type="submit"> : </i></b>Buton oluşturmamızı sağlar.Tıklandığında formdaki bilgileri iletir.<br /><br />\r\n	   <i> Örnek Kullanım : </i><br /><br /><div class="pre"><pre class="brush: xml">&lt;input type="submit" name="buton" value="Tıkla" /></pre></div><br />\r\n	   <i> Çıktısı : </i><code><input type="submit" name="buton" value="Tıkla" /></code><br /><br />\r\n	   <b><i>&lt; input type="reset"> : </i></b>Tüm form elementlerini başlangıç değerine döndürür.Yani resetler.Görüntüsü butondan farksızdır.<br /><br />\r\n	   <i> Örnek Kullanım : </i><br /><br /><div class="pre"><pre class="brush: xml">&lt;input type="reset" name="reset" value="Resetle" /></pre></div><br />\r\n	   <i> Çıktısı : </i><code><input type="reset" name="reset" value="Resetle" /></code><br /><br />\r\n	   Kullanımı biraz farklı olan form elementleride vardır.<br /><br />\r\n	   <b><i>&lt;select> : </i></b>Aşağı doğru açılan metin kutusudur.<br /><br />\r\n	   <i> Örnek Kullanım : </i><br /><br /><div class="pre"><pre class="brush: xml">&lt;select >\r\n &lt;option> PHP &lt;/option>\r\n &lt;option> HTML5 &lt;/option>\r\n &lt;option> CSS3 &lt;/option>\r\n &lt;option> JAVA &lt;/option>\r\n &lt;option> CSHARP &lt;/option>\r\n&lt;/select>\r\n</pre></div><br />\r\n	   <i> Çıktısı : </i><code><select><option>PHP</option><option>HTML5</option><option>CSS3</option><option>JAVA</option><option>CSHARP</option></select></code><br /><br />\r\n	   <b><i>&lt;textarea> : </i></b>Textbox''ın çok satırlı halidir.<br /><br />\r\n	   <i> Örnek Kullanım : </i><br /><br /><div class="pre"><pre class="brush: xml">&lt;textarea name="aciklama" rows="5" cols="25" >&lt;/textarea>\r\n</pre></div><br />\r\n	   <i> Çıktısı : </i><br /><code><textarea name="aciklama" rows="5" cols="25" ></textarea></code><br /><br /><i> Alt özellikleri : </i>\r\n	   <br /><br /><b>rows : </b>Satır sayısını belirtir.<br /><b>cols : </b>Sütun(karakter sayısı) sayısını belirtir.<br /><br />\r\n	   Genel kullanılan form elementleri bunlardır.Kavramanız için basit formlar tasarlayabilirsiniz.Bir sonraki konumuzda görüşmek dileği ile.', 'webdunyasi', 101, 'html5', '../img/konuresimleri/form_elementleri.jpg'),
(8, '2015-05-09 00:37:00', 'HTML5 Sayfaya Video ve Ses Eklemek', 'HTML5 ile birlikte gelen video ve ses desteği ile sayfalarımızda hiçbir eklentiye ihtiyaç duymadan, sadece basit bir etiketle video ve ses ekleyebiliyoruz.<br /><br />\r\n	 HTML5''in bu özelliğini kullanabilmemiz için tarayıcılarımızın güncel olması önemlidir.Chorome 3.0 , İE 9.0 , Safari 3.0 , Firefox 3.5 ve sonrası sürümlerinin video ve ses destekleri vardır.<br /><br />\r\n	 <b><i>HTML5 &lt;video> elementi : </i></b>Video oynatmak için gereken tek şey aşağıdaki bir kaç satır koddur.<br /><br />\r\n	 <div class="pre"><pre class="brush: xml">&lt;video width="320" height="240" controls="controls" src="https://kodbilimi.com/ornek/ornek_video.mp4"  >&lt;/video></pre></div><br /><br />\r\n	 <i>Çıktısı : </i><br /><code><video width="320" height="240" controls="controls" src="../ornek/ornek_video.mp4"  ></video></code><br /><br />Video elementinin alt özelliklerini açıklayalım<br /><br />\r\n	 <b>autoplay : </b>Videonun otomatik olarak başlayıp başlamıyacağını belirtir.Kullanımı controls gibidir.<br /><br />\r\n	 <b>controls : </b>Oynatma, durdurma ve ses gibi video kontrollerinin eklenmesini sağlar.<br /><br />\r\n	 <b>loop : </b>Videonun sürekli tekrar oynatılacağını belirtir.<br /><br />\r\n	 <b>preload : </b>Video dosyasını önceden yükler ve oynatmaya hazır hale getirir.<br /><br />\r\n	 <b><i>HTML5 &lt;audio> elementi : </i></b>Video elementiyle çok benzer.Ses oynatmamıza yarayan elementtir.<br /><br />\r\n	 <div class="pre"><pre class="brush: xml">&lt;audio loop preload controls src="https://kodbilimi.com/ornek/ornek_audio.mp3"  >&lt;/audio></pre></div><br /><br />\r\n	 <i>Çıktısı : </i><br /><br />\r\n	 <code><audio loop preload controls src="../ornek/ornek_audio.mp3"  ></audio></code><br /><br />\r\n	 Alt özellikleri video ile aynıdır.Loop, preload, autocomplete ve controls özellikleri bu koddaki gibide kullanılabilir.<br /><br />\r\n	 Bu yöntemlerden farklı olarak sayfalarımıza embed kodu yardımıyla da video ekleyebiliriz.Herhangi bir siteden alacağımız embed kodunu doğrudan sayfamıza yapıştırarak\r\n	  o videoyu sayfamızda oynatabiliriz.Bunlar için örnek çalışmalar yaparak kendinizi geliştirebilirsiniz.Bir sonraki konumuzda görüşmek dileği ile.', 'webdunyasi', 102, 'html5', '../img/konuresimleri/html5_video.png'),
(9, '2015-05-09 22:08:21', 'CSS3''e Giriş', '<b>CSS( Cascading Style Sheets ) Nedir : </b>HTML sayfalarını tasarımını ve sunumunu yapmamıza yarayan css, türkçe anlamı ile stil şablonları demektir.HTML\r\n	  elementlerini daha işlevsel ve görsel özellikler kazanması için kullanılır.HTML5''in çıkmasıyla HTML''i geliştiren W3C, css kullanımını teşvik ediyor.<br /><br />\r\n	  CSS3 web sayfalarının tasarımında devrim yaratacak yenilikler barındırıyor.Özellikle animasyon hazırlama desteği gelecekte css''i zirveye taşıyacak özelliklerden olacak gibi duruyor.<br /><br />\r\n	  CSS''i öğrenmenin ilk adımı html elementlerini ve davranışlarını iyi bilmekten geçer.Elementlerin tümü sayfada dikdörtgen bir yer işgal eder.Buna kutu modeli denir.<br /><br />\r\n	  <b>Kutu modelini anlamak : </b><br /><img src="../img/konuresimleri/kutu-modeli.jpg" alt="css kutu modeli" /><br />Bir elementin kutu modeli şekildeki gibidir.Kutu modelinde\r\n	   <b>margin</b>,elementin kenarları ile dışındaki elementler arası boşluğunu, <b>padding</b>, elementin kenarları ile içindeki elementler arası boşluğunu belirtir.<br /><br />\r\n	   <b>CSS kodlarının yazım kuralları : </b><br /><br /><div class="pre"><pre class="brush: xml">body{ color:"white"; }</pre></div><br /><br />\r\n	   CSS kodlarındaki temel mantık seçilen elementin özelliklerini yapılandırmaktır.Bunu bir seçici ile yapar.Yukarıdaki koda bakarsak seçicimiz body elementidir.Hemen ardından özelliklerimizi\r\n	   vermek için süslü parantez açar ve içine özelliklerimizi belirtiriz.Parantez içine bakarsak, color özelliği yazı rengi değiştirmemize yarar ve body elementi içindeki tüm yazıların rengini değiştirir.CSS\r\n	   yazım kurallarında verilmek istenen özellikten sonra <b>ikinokta(:)</b> konulur.Burada da color''dan sonra ikinokta konulmuştur.Daha sonra özellik verilir ve satır, <b>noktalı virgül(;)</b>\r\n	   ile bitirilir.<br /><br />CSS kodlarında seçici kısmı element adı, id veya class''lardan oluşur.Element adı seçicileri yukarıdaki koddaki gibi hiçbir işaret kullanılmadan direk yazılır.\r\n	   Id seçicilerinin başında diyez"#" , class seçicilerinin başında nokta"." kullanılır.<br /><br />\r\n       <i>Örnek Kod : </i><br /><br /><div class="pre"><pre class="brush: xml">#anabaslik\r\n{ \r\ncolor:"red"; \r\n}\r\n.paragraf\r\n{\r\ncolor:"green";\r\n}</pre></div><br /><br />Burada id ve class isimleri elementlere verilir.Yani yukarıdaki kod aşağıdaki html elementlerini ilgilendirir.<br /><br /><div class="pre"><pre class="brush: xml">\r\n&lt;h1 id="anabaslik"> Anabaşlık Burada &lt;/h1>\r\n&lt;p class="paragraf"> Paragraf Burada &lt;/p>\r\n</pre></div><br /><br />\r\nBu konumuzda önbilgi amacıyla genel css''den bahsettik bir sonraki konumuzda css kodlarını sayfalarımıza nasıl ekleyeceğimizi öğreneceğiz.Sonraki konumuzda görüşmek dileği ile.', 'webdunyasi', 102, 'css3', '../img/konuresimleri/css3_konu.jpg'),
(10, '2015-05-10 12:55:31', 'CSS Kodlarını Sayfalarımızı Ekleme', 'CSS''i sayfalarımıza eklerken 3 tip yöntem kullanılır.Bunlar <b>internal(doğrudan)</b>, <b>external(harici)</b>, <b>inline(satır içi)</b> yöntemleridir.\r\n	 <br /><br /><b><i>İnternal(Sayfa düzeyinde) Css Ekleme : </i></b>Sayfanın &lt;head> kısmında &lt;style> etiketleri arasında yapılır.&lt;style> etiketi css için özeldir ve css\r\n	  kodları bu etiket arasına yazılır.<br /><br /><div class="pre"><pre class="brush: xml">&lt;style>\r\nbody{\r\nbackground-color:"#ddd";\r\n}\r\n&lt;/style></pre></div><br /><br />İnternal kullanım sayfa hızı açısından iyidir fakat sayfalarımızdaki karışıklığı artırır.<br /><br />\r\n     <b><i>External( Harici ) Css Ekleme : </i></b>Ayrı bir css uzantılı dosya şeklinde kaydettiğimiz kodları html sayfalarımızda çağırarak kullanımına denir.Html sayfalarında link \r\n	 etiketiyle css dosyalarımızı çağırırız.Link etiketinin kullanımı aşağıdaki gibidir.<br /><br /><div class="pre"><pre class="brush: xml">&lt;html>\r\n &lt;head>\r\n  &lt;link rel="stylesheet" type="text/css" href="stil.css" />\r\n.\r\n.\r\n.\r\n</pre></div><br /><br />stil.css dosyamız : <br /><br /><div class="pre"><pre class="brush: xml">body{\r\ncolor:"red";\r\n}\r\n</pre></div><br /><br />Çoğu zaman tercih edilen yöntem bu yöntemdir.Çünkü css kodlarını her sayfaya kopyala yapıştır yapmamıza gerek kalmaz ve css kodlarında bir düzenleme yapmak istersek css dosyamızda yapıcağımız değişiklik tüm saylarda geçerli olur.<br /><br />\r\n<b><i>İnline(Satır içi) Css Ekleme : </i></b>Bu yöntem ise html elementlerinde direk olarak kullanılır.Genelde özel olarak yapılacak değişiklerde kullanılır.<br /><br />Kullanımı : <br /><br /><div class="pre"><pre class="brush: xml">&lt;p style="color:red">Paragraf&lt;/p></pre></div><br /><br />', 'webdunyasi', 87, 'css3', '../img/konuresimleri/css3_nasil_eklenir.jpg'),
(11, '2015-05-11 12:18:53', 'Çok Kullanılan Css Kodları', 'Sık kullandığımız css kodlarını ve anlamlarını kategoriler halinde anlattık. <br /><br />\r\n	 <b><i>Ölçülendirme : </i></b><hr /><table width="100%">\r\n	 <tr><td><b>height</b></td><td>Elementlerin yüksekliğini belirtir.px , em , % gibi değerler alabilir.</td></tr>\r\n	 <tr><td><b>min-height</b></td><td>En az yüksekliği tanımlar.Yükseklik sınırlamasıdır.px , em , % gibi değerler alabilir.</td></tr>\r\n	 <tr><td><b>max-height</b></td><td>En fazla yüksekliği tanımlar.Yükseklik sınırlamasıdır.px , em , % gibi değerler alabilir.</td></tr>\r\n	 <tr><td><b>width</b></td><td>Elementlerin genişliğini belirtir.px , em , % gibi değerler alabilir.</td></tr>\r\n	 <tr><td><b>min-width</b></td><td>Elementlerin en az alabileceği genişliğini belirtir.px , em , % gibi değerler alabilir.</td></tr>\r\n	 <tr><td><b>max-width</b></td><td>Elementlerin en çok alabileceği genişliğini belirtir.px , em , % gibi değerler alabilir.</td></tr>\r\n	 </table><br /><br />\r\n	 <b><i>Metin(Yazı) Özellikleri : </i></b><hr /><table width="100%">\r\n	 <tr><td><b>font-family</b></td><td>Yazıların fontlarını ayarlar.Arial, verdana gibi font isimleri alır.</td></tr>\r\n	 <tr><td><b>font-style</b></td><td>Aldığı değerler italic, normal ve oblique''dir.Yazıları italic vb. yapmak için kullanılır. </td></tr>\r\n	 <tr><td><b>font-size</b></td><td>Yazı boyutunu belirler.px , em , % gibi değerler alabilir.</td></tr>\r\n	 <tr><td><b>color</b></td><td>Yazı renklerini belirler.#ff0 , yellow , blue gibi değerler alabilir.</td></tr>\r\n	 <tr><td><b>line-height</b></td><td>Yazıların satır yüksekliğini belirler.</td></tr>\r\n	 <tr><td><b>text-align</b></td><td>Yazıları hizalamak için kullanılır.left , right , center , justify gibi değerler alabilir.</td></tr>\r\n	 <tr><td><b>text-decoration</b></td><td>Yazıları altıçizgili, üstüçizgili gibi değerlerini vermek için kullanılır.none , overline , underline gibi değerler alabilir.</td></tr>\r\n	 </table><br /><br />\r\n	 <b><i>Arkaplan Özellikleri : </i></b><hr /><table width="100%">\r\n	 <tr><td><b>background-color</b></td><td>Arkaplan rengini ayarlar.</td></tr>\r\n	 <tr><td><b>background-image</b></td><td>Arkaplan resmini belirler. </td></tr>\r\n	 <tr><td><b>background-repeat</b></td><td>Arkaplanın tekrarlanıp tekrarlanmıyacağını ayarlar.</td></tr>\r\n	 <tr><td><b>background</b></td><td>Arkaplanın tüm özelliklerini tek başına ayarlar.</td></tr>\r\n	 </table><br /><br />\r\n	 <b><i>Görünüş Özellikleri : </i></b><hr /><table width="100%">\r\n	 <tr><td><b>display</b></td><td>Bir elementin görünme özelliğini belirler.none , block , inline gibi değerler alır.</td></tr>\r\n	 <tr><td><b>position</b></td><td>Bir elementin konumunu belirler.absolute , relative , fixed gibi değerler alır.</td></tr>\r\n	 <tr><td><b>float</b></td><td>Bir elementin hiza kurallarını belirler.</td></tr>\r\n	 <tr><td><b>margin</b></td><td>Elementlerin dış boşluğunu tanımlar.</td></tr>\r\n	 <tr><td><b>padding</b></td><td>Elementlerin iç boşluğunu tanımlar.</td></tr>\r\n	 <tr><td><b>border</b></td><td>Elementlerin kenarlıklarını(çerçeve) ayarlar.</td></tr>\r\n	 </table><br /><br />\r\n	 Bu konudaki kodlar önbilgi amacıyla verilmiştir.İlerleyen konularda detaylı kullanımları anlatılacaktır.Bir sonraki konumuzda görüşmek dileği ile.', 'webdunyasi', 125, 'css3', '../img/konuresimleri/css_kodlari.jpg'),
(12, '2015-05-27 08:50:37', 'Photoshop''a Giriş (Video''lu Eğitim)', ' Yazılımcıların kod ve algoritma zekalarının yanında tasarım zekalarıda önemlidir.Bundan dolayı kodbiliminde photoshop derslerine de yer veriyoruz.<br /><br />\r\n	 İlk dersimiz photoshop''a girişte proje oluşturma, resimlerde değişiklik yapmak ve projeleri kayıt etmek için hangi yöntemleri kullanabileceğinizi anlattık.İyi seyirler...\r\n	 <br /><br /><br />\r\n	 <iframe src="https://www.youtube.com/embed/F2HpXy5U1JU" frameborder="0" allowfullscreen></iframe>\r\n	 <br /><br />', 'photoshop', 40, 'ders', '../img/konuresimleri/photoshop-1.jpg'),
(13, '2015-05-29 18:26:56', 'Programlamaya Giriş ve Algoritmalar', 'Bir program yapabilmek için öncelikle onun tasarımını ve planlamasını yapmalıyız.Bu planlama ne kadar iyi olursa program o kadar verimli çalışır.\r\n      Algoritmalar bu aşamada devreye girer.Algoritma için, işlemleri adımlar halinde anlatmak veya akış diyagramı çizmek bizlere büyük avantajlar sağlar.Ancak bu algoritmalar,\r\n      yazılım dilleri için sadece bir yol çizelgesi gibidir.<br /><br />Akış diyagramı ve sözde kod probleme karşı sunulan çözümün bir bütün olarak görünmesini sağlar.<br /><br />\r\n      <b><i>Verilen iki sayıyı toplayan bir algoritma yazalım.</i></b><br /><br />Sözde Kodu : <div class="pre"><pre class="brush: xml" >1-) Birinci sayıyı al.\r\n2-) Birinci sayıyı sayi1 değişkenine at.\r\n3-) İkinci sayıyı al.\r\n4-) İkinci sayıyı sayi2 değişkenine at.\r\n5-) Değişkenleri topla.(sayi1 + sayi2)\r\n6-) Sonucu ekrana yazdır. </pre></div><br /><br />Algoritması(Akış Diyagramı) :<br /><br /><img src="../img/konuresimleri/toplama-algoritmasi.png" alt="toplama algoritması" />Buradaki \r\nalgoritmada gördüğünüz sembollerin her biri farklı anlamlar ifade eder.Bunları aşağıdaki görselden inceleyebilirsiniz.<img src="../img/konuresimleri/akis.jpg" alt="algoritma sembolleri" width="240" /><br /><br />\r\nYukarıdaki örnek problemimizin tasarım kısmını hallettik.Şimdi kodlamasını yapmak için Microsoft Visual Studio 2013 kurmanız gerekmekte.Visual Studio''yu Microsoft''un sitesinden\r\n90 günlük deneme süresiyle indirip kurabilirsiniz.Ayrıca internette crackleri de mevcut.<br /><h2><i>Yeni Proje Oluşturma</i></h2><br />Visual Studio 2013''ü kurduktan sonra programı açıp yeni bir proje başlatalım.<br /><br />\r\n<img src="../img/konuresimleri/yeni-proje.jpg" alt="c# yeni proje" width="80%" />\r\nYeni proje ekranında ilk adım kullanacağımız yazılım dili olan C#''ı seçmek.İkinci adımda proje tipi olarak Console Aplication seçeneğini seçiyoruz.Üçüncü adımda son çıkan .net platformunu seçiyoruz.Dördüncü adımda ise projenin ismini, nereye kaydedileceğini ve solution name kısmını belirliyoruz ve OK butonuna basıp projeyi oluşturuyoruz.\r\n<br /><br />\r\n<img src="../img/konuresimleri/proje-olusturma.jpg" alt="c# proje oluşturma" width="80%" />Yeni bir proje oluşturduktan sonra karşımıza aşağıdaki kod ekranı gelir.<br /><br />\r\n<img src="../img/konuresimleri/kod-ekrani.jpg" alt="c# kod ekranı" width="80%" />\r\nBir sonraki konumuzda bu ekranı açıklayıp örnek uygulamamızı kodlayacağız.İlerki konularda görüşmek üzere.<br /><br />', 'genelprogramlama', 72, 'c#', '../img/konuresimleri/programlamaya-giris.png'),
(14, '2015-05-30 22:34:42', ' En İyi Vpn Hizmetleri', ' Eğer gizlilik konusunda şüpheleriniz varsa VPN(Virtual Private Network) tam size göre olabilir.Vpn''ler güvenli olmayan bağlantılara bağlanırken vpn cihazı \r\n	 ve LAN arasında güvenli bir tünel oluşturur ve gönderip alınan paketleri şifreler.Ayrıca pc''nizin ip adresini değiştirerek yasaklı sitelere girmemize olanak verir.<br /><br />\r\n	 Öncelikle vpn''lerin kullanım alanlardan bahsedelim.Bildiğiniz gibi ülkemizde internette pek de özgür değiliz ve binlerce yasaklı site mevcut.Geçmişte Youtube, twitter gibi sosyal ağlarında\r\n	 engellendiğine şahit olmuştuk.Eskiden bu yasaklı sitelere girmek için dns değiştirirdik fakat devlet bunada el attı ve ip bazlı engellemeye geçti.İşte bu noktada vpn önemli bir araç haline geldi.Ayrıca VPN''leri\r\n	 kimliğimizi gizlemek için de kullanabiliyoruz.<br /><br />\r\n	 Kaliteli ve yüksek hızlı VPN''ler tahmin edeceğiniz gibi ücretli tabi piyasada ücretsiz VPN''lerde mevcut.<br/><br /><h2><i>İşte en iyi 10 vpn hizmeti : </i></h2><br />\r\n	 <i><b>1-) </b></i>Hide My Ass! (HMA!)<br /><br />\r\n	 <i><b>2-) </b></i>IPVanish<br /><br />\r\n	 <i><b>3-) </b></i>Private Internet Access (PIA)<br /><br />\r\n	 <i><b>4-) </b></i>TorGuard<br /><br />\r\n	 <i><b>5-) </b></i>BTGuard<br /><br />\r\n	 <i><b>6-) </b></i>Mullvad<br /><br />\r\n     <i><b>7-) </b></i>NordVPN<br /><br />\r\n	 <i><b>8-) </b></i>OctaneVPN<br /><br />\r\n	 <i><b>9-) </b></i>PeRiQuito AB <br /><br />\r\n	 <i><b>10-) </b></i>ClickVPN<br /><br /><br />\r\n	 Yukarıda sıraladığımız VPN''lerin hepsi ücretli olarak dağıtılmakta.Ücretsiz ve kullandığımız tarayıcıya eklenti şeklinde kurulan VPN''ler de mevcut.Bunlardan da birkaç örnek verelim.<br /><br />\r\n	 <i><b>- </b></i>Spotflux Lite<br /><br />\r\n	 <i><b>- </b></i>Zenmate<br /><br />\r\n	 <i><b>- </b></i>Hotspot Shield<br /><br />\r\n	 Bu VPN''leri kullandığınız tarayıcının eklenti mağazasından edinebilirsiniz.Sonraki konularımızda görüşmek dileği ile.<br /><br />', 'bilgisayar_bilimi', 94, 'vpn', '../img/konuresimleri/en-iyi-vpn.jpg'),
(15, '2015-05-31 17:08:23', 'Photoshop Cs6 Araçları ve Kullanımları', 'Photoshop cs6 tools menüsündeki araçları ve detaylı kullanım alanlarını videomuzdan izleyebilirsiniz.İyi seyirler...<br /><br /><br />\r\n<iframe src="https://www.youtube.com/embed/_ca7KfdWFLo" frameborder="0" allowfullscreen></iframe>\r\n<br /><br />', 'photoshop', 29, 'photoshop araclari', '../img/konuresimleri/photoshop-2.jpg'),
(17, '2015-06-16 14:52:28', 'GUI ve JAVA', '<h2>GUI nedir ?</h2>\r\n<p>GUI (Graphical User Interface) , yani grafiksel kullanıcı arayüzü , program ile kullanıcı arasında görsel,sezgisel,kullanıcı dostu (user friendly) ,kolay ve pratik bir ilişki kuran , kullanıcıyı bilgisayar hakkında teknik bilgi sahibi olma zorunluluğundan kurtaran, bilgi giriş/çıkışının sağlandığı arayüze denir.Her işletim sistemi kullanıcısına en iyisini sunabilmek için hem görsel açıdan zevk sahibi , hem de kullanıcı dostu bir arayüz sunmak ister.Bir programcının , ürettiği programın iyi bir arayüze sahip olabilmesi için GUI programlamaya hakim olması gerekmektedir.Programı yazdığınız dil işletim sisteminin çekirdeğinde saklı GUI sınıflarını-API leri kullanabilir veya daha profesyonel çalışarak kendi çizim prosedürlerinizi kullanabilir,kendi arayüz sisteminizi oluşturabilirsiniz.</p>\r\n\r\n<img src="../img/konuresimleri/gui-ornek.png" alt="gui örneği" />\r\n\r\n<h2>Java da GUI</h2>\r\n<p>Java dili GUI için AWT (Abstract Window Toolkit) ve SWING kütüphanelerini kullanır.Java da arayüz ihtiyacı için oluşturulmuş ilk kütüphane AWT dir.Fakat AWT nin bazı yetersizliklerinden dolayı yeni bir bileşen setine ihtiyaç duyulmuştur.Ortaya çıkan bu yeni bileşen seti SWING tir. AWT nin geliştirilmesinin durdurulmasının ana sebebi Java nın temel politikası olan Bir kere yaz , her yerde çalıştır mantığına uygun olmaması idi.Java dilinde yazılan uygulamalar derlenmeden önce bir interpreter ile .class uzantılı dosyalara çevrilir.Bu dosya bir arakoddur ve her sistemde aynı sonucu üretecek biçimde çalışması amaçlanmıştır.Yani aynı kodu windows işletim sisteminde de linux işletim sisteminde de çalıştırabilirsiniz.Fakat AWT ile yazılan programlar farklı sistemlerde tutarsız sonuçlara sebep oluyor hatta bazı durumlarda çalışma hatalarına kadar uzanıyordu.Swing kütüphanesi hem taşınabilir uygulamalar yazmak için hemde GUI de gerekli tüm araçları sağlaması için gerekli tüm bileşenlere sahip devasa boyutta bir pakettir.</p>\r\n\r\n<h2>Swing Mimarisi</h2>\r\n<p>Java , program geliştirmede MVC Yapısını (Model-View-Controller) kullanır.Yani programın hesap-kitap-işlem kısmına dair model kısmı ve GUI ye dair view kısmı birbirinden ayrılmıştır.Bu yaklaşım program geliştirilmesinde programcılara büyük kolaylık sağlamaktadır.Controller tarafında ise bu iki birim birbiri ile entegre olarak çalıştırılır.Fakat javada model ile controller arasındaki sınır kesin olarak birbirinden ayrılmaz.<br/><br/>\r\n\r\n<i><b>Swing mimarisi iki temel üzerine kuruludur :</b></i>\r\n<ol>\r\n<li>Bileşenler ( Components ) </li>\r\n<li>Konteynerlar ( Containers ) </li>\r\n</ol><br /><br />\r\n\r\nBileşen seti gerekli tüm görsel araçları içerir.Yazı,resim içerikleri için labellar , yazı kutuları , kaydırma çubukları , menüler , pencere bileşenleri vs. tüm bileşenler component sınıfından türemiştir. \r\nKonteyner ise bileşenlerin üzerinde tutulacağı veri modelleridir.Tüm bileşenler bir konteyner üzerinde tutulmak zorundadır.Bu nedenle her GUI uygulaması en az bir konteynera sahip olmak zorundadır. </p>\r\n\r\n<img src="../img/konuresimleri/swing-mimari.png" alt="swing mimari örneği" /><br/><br/>\r\n\r\nBir sonraki konumuzda görüşmek dileği ile... <br /><br />\r\n', 'genelprogramlama', 21, 'java', '../img/konuresimleri/java-gui.png'),
(18, '2015-06-17 14:50:35', 'Yeni Microsoft Edge Tarayıcı', '<p>Aylarca Spartan ismiyle geleceğini düşündüğümüz, sonradan sadece kod adının Spartan ve asıl adının Microsoft Edge olduğu ortaya çıkan Windows 10 un yeni tarayıcısı, emektar tarayıcı Internet Explorer ın da emekliye ayrılmasını sağlayacak. Bu zamana kadar birçok kullanıcı tarafından sadece Chrome un kurulması için kullanılan tarayıcı etiketini üzerinden kaldırmak isteyen Microsoft, Edge ismindeki yeni tarayıcısıyla ilgili özellikler de ortaya çıkmaya başladı.</p>\r\n\r\n<p>Microsoft Edge, yakın bir zamanda yapılacak olan güncellemeyle iki farklı özelliğe kavuşmuş olacak. Bunlardan bir tanesi olan Home (ev) tuşu sayesinde kullanıcılar, tek bir tık yaparak ana sayfaya geçiş yapabilecek.</p>\r\n\r\n<p>Diğer bir özellik ise Favori Sayfalar olacak. Yeni güncellemeyle birlikte kullanıcılar, farklı cihazlardaki favori sayfalarını tüm cihazlarda eşitleyebilecek. Yani bilgisayar, akıllı telefon ya da tablet gibi farklı cihazları kullansanız da favori sayfalarınıza erişebileceksiniz.</p>\r\n<img src="../img/konuresimleri/ms-edge-browser.jpg" alt="microsoft edge browser" />\r\n<p>29 Temmuz tarihinden itibaren resmi olarak dağıtılmasına başlanacak olan Windows 10 güncellemesiyle Microsoft Edge varsayılan tarayıcı olarak sunulacak fakat isteyen kullanıcılar, biraz daha geliştirilmiş olan Internet Explorer’ı kullanmaya devam edecek.</p>', 'webdunyasi', 36, 'microsoft', '../img/konuresimleri/ms-edge.jpg');

-- --------------------------------------------------------

--
-- Tablo için tablo yapısı `soru`
--

CREATE TABLE IF NOT EXISTS `soru` (
  `soru` text NOT NULL,
  `cevap` text NOT NULL,
  `tarih` timestamp NOT NULL DEFAULT CURRENT_TIMESTAMP,
  `soru_id` int(11) NOT NULL AUTO_INCREMENT,
  `kategori` varchar(80) NOT NULL,
  `alt_kategori` varchar(20) NOT NULL,
  `okunma` int(11) NOT NULL,
  `kategori_id` int(11) NOT NULL,
  `resim_url` varchar(80) NOT NULL,
  PRIMARY KEY (`soru_id`)
) ENGINE=MyISAM  DEFAULT CHARSET=utf8 AUTO_INCREMENT=17 ;

--
-- Tablo döküm verisi `soru`
--

INSERT INTO `soru` (`soru`, `cevap`, `tarih`, `soru_id`, `kategori`, `alt_kategori`, `okunma`, `kategori_id`, `resim_url`) VALUES
('Bir web sitesi açmam için nelere ihtiyacım var?', 'Web sitesi açmanız için temel olan 2 şeye ihtiyacınız vardır.Bir alanadı(domain) ve bunu barındıracak bir sunucu.Tabi bunları doldurmak içinde web programlama konusuna hakim olmanız gerekmekte.Bir site kodlamak için html bilgisi, tasarımı için css,javascript vb. , programlanması içinde php veya asp.net gibi yazılım dillerine hakim olmanız gerekir.<br /><br />', '2015-03-15 11:06:31', 1, 'web dünyası', 'website', 117, 1, '../img/soruresimleri/website-nasil-yapilir.jpg'),
('Alanadı(domain) nereden ve nasıl alınır?', 'Almak istediğiniz alanadı eğer sahipsiz ise bu adı internette alanadi satışı yapan birçok firmadan kolayca edinebilirsiniz.(isimtescil.net ,tr.godaddy.com vb...)', '2015-02-05 11:06:31', 2, 'web dünyası', 'alanadı', 38, 2, '../img/soruresimleri/domains.png'),
('Css nedir ve ne işe yarar?', 'Css web tasarımı yaparken html ile birlikte kullanılan, tasarımın olmazsa olmazı kodlama tekniğidir.Html sayfalarının tasarımı ve sunumu css ile yapılır.', '2015-02-05 17:06:11', 3, 'web dünyası', 'css', 32, 3, '../img/soruresimleri/logo-css3.png'),
('Css nasıl öğrenilir?', 'Css yi öğrenmenin ilk adımı html taglarını iyi öğrenmekten geçer.Css''i tüm programlama dilleri gibi bol pratik yaparak öğrenebilirsiniz.', '2015-02-05 17:17:30', 4, 'web dünyası', 'css', 54, 3, '../img/soruresimleri/css-nasil.jpg'),
('Web tasarımı nasıl yapılır?', 'Bir websitesi tasarımı yapılırken eğer profesyonel düşünüyorsak mühendislikte gereksinim analizi dediğimiz, projenin olmazsa olmazları ve belirli kurallarını belirlemek için kağıt üstünde çalışmamız gerekir.Kağıda basit bir tasarım çizildikten sonra bunu html ile kodlayarak, css ve jquery gibi dillerle tasarımını yapabilirsiniz.<br /><br />\r\n<img src="../img/soruresimleri/webtasarim-nasil.jpg" alt="websitesi tasarımı çizimi" /><br /><br />', '2015-02-06 23:08:45', 5, 'web dünyası', 'web tasarım', 50, 4, '../img/soruresimleri/webdesign.jpg'),
('Kod yazmaya hangi programlama diliyle başlamalıyım?', 'Şu anda en popüler dil olarak java görülmekte.Fakat java dili çok kapsamlı bir dil ki başlangıç olarak karışık gelebilir.Benim kişisel önerim ücretsiz bir microsoft visual studio edinmeniz ve c# yada c++ konsol uygulamalarıyla yazılım dünyasına katılmanız.\r\nYinede bir fikir oluşturması için en çok kullanılan 25 programlama diline aşağıdaki resimden bakabilirsiniz.<br /><br /><br />\r\n<img src="../img/soruresimleri/top25-diller.jpg" alt="en çok kullanılan 25 programlama dili" /><br /><br />', '2015-02-11 18:54:37', 7, 'genel programlama', 'kodyazma', 58, 5, '../img/soruresimleri/programlama-dilleri.jpg'),
('Programcılar tüm kodları ezbere bilirler mi?', 'İnanın bana usta bir programcıya ayak üstü, bildiği tüm kodları saymasını istesek 15''i geçmez.Geçebilirde :) ama anlatmak istediğim mevzu programcılık ezber işi değil mantık işidir.Algoritma yeteneğiniz var ise Google''da ufak bir arama yaparak kullanacağınız kod bloğunu hemen hatırlarsınız.Zaten uzmanlaştıkça yazacağımız kodu düşünmeden aklımıza geliyor tıpkı matematik gibi.', '2015-05-31 11:56:10', 8, 'genel programlama', 'kodyazma', 69, 5, '../img/soruresimleri/kod-ezberi.jpg'),
('Bir Web Developer''da olması gereken 5 özellik nedir?', 'Tam anlamıyla alanında uzman bir web developer''da olması gereken özellikleri sıralarsak.<br /><br />\r\n\r\n- Arayüz ve Kullanıcı Deneyimi<br /><br />\r\n- Güvenlik<br /><br />\r\n- Performans(Kod kalitesi)<br /><br />\r\n- SEO(Arama Mototu Optimizasyonu)<br /><br />\r\n- Kullandığı Teknolojiler<br /><br />', '2015-05-31 12:09:47', 9, 'web dunyasi', 'programcılık', 37, 6, '../img/soruresimleri/olmasi-gereken-yetenekler.jpg'),
('IDE(Integrated Development Environment) nedir?', 'Ide''ler programcıların kod yazmalarını kolaylaştıran genellikle bir kod editörü, bir derleyici, bir hata ayıklayıcı ve bir grafik kullanıcı arayüzünden(GUI) oluşan programlama ortamıdır.Örnek verecek olursak Microsoft Visual Studio, Netbeans, Eclipse gibi programlara IDE denir.', '2015-05-31 13:37:35', 10, 'genel programlama', 'ide', 34, 7, '../img/soruresimleri/ide-nedir.png'),
('Front-End ve Back-End web development terimleri nedir?', 'Front-End web development terimi bir web sitesinin sunum kısmıdır.Yani tasarımda kullanılan html, css, javascript dillerini bilen biri front-end devoloper olabilir.Back-End web developer terimi ise web sayfalarının server(sunucu) kısmı ile ilgilidir.PHP, Ruby, Java gibi dilleri bilen kişiler back-end developer olabilir.', '2015-05-31 15:27:47', 11, 'genel programlama', 'programlama', 38, 8, '../img/soruresimleri/web-development.jpg'),
('Mobil uygulama geliştirmeye başlamak için android mi ios mu?', 'Esasında bu soru kısa cevap verilip geçilecek bir soru değil fakat bunu oldukça basite indirgeyelim.Öncelikle android platformunun java, ios platformunun ise objective-c dilini kullandığını biliyoruz.Hali hazırda java ile uğraşmış isek, bu işe ios ile başlamak pek mantıklı gelmiyor.Bir başka açıdan bakmak gerekir ise kullandığımız telefon ve laptop modelleri.Bildiğiniz gibi ios geliştirmek için Mac işletim sistemli bir bilgisayara  ve birde ios işletim sistemli cihaza ihtiyacımız var.Elimizde bunlar yoksa ve almayıda düşünmüyorsak android ile başlayacağız demektir.Son olarak pazar payı olarak android bu yarışı önde götürüyor.', '2015-05-31 15:51:46', 12, 'genel programlama', 'mobil', 34, 9, '../img/soruresimleri/ios-vs-android.jpg'),
('Bir programcı neden photoshop öğrenmeli?', 'Aslında öğrenmeniz için bir sebep yok :) ama öğrenirseniz size katkısı çok olacaktır.Eğer ileride web tasarımcı olarak çalışmayı düşünüyorsanız photoshop''u kesinlikle öğrenmelisiniz.', '2015-05-31 15:59:06', 13, 'photoshop', 'tasarım', 25, 10, '../img/soruresimleri/photoshop.jpg'),
('Her programcının izlemesi gereken filmler nelerdir?', 'Bazen okuduğumuz hikayeler veya izlediğimiz filmler bizi fazlasıyla motive eder.Bir programcı olarak mutlaka izlemeniz gereken 5 filmi sıraladım.Gerçekten iyi motive olacağınızdan eminim.<br /><br />\r\n- TPB AFK: The Pirate Bay Away from Keyboard(2013)<br /><br />\r\n- The Internet''s Own Boy(2014)<br /><br />\r\n- The Social Network (2010)<br /><br />\r\n- The Intership (2013)<br /><br />\r\n- Pirates of Silicon Valley (1999)<br /><br />\r\n', '2015-06-01 12:01:12', 14, 'genel programlama', 'film', 40, 11, '../img/soruresimleri/izlenmesi-gerekenler.jpg'),
('Basit html sitemi hackerlardan nasıl koruyabilirim?', 'Siteniz gerçekten basit bir html sitesiyle, yani hiçbir veritabanı bağlantısı yok,form yok vb. gibi bir siteyse zaten hacklenemez.Ayrıca hackerlar html kodlarıyla ilgilenmez, onlar kredi kartı numaraları, banka hesapları gibi para yapıcak şeylerin peşindedir.', '2015-06-01 12:16:34', 15, 'genel programlama', 'hacker', 67, 12, '../img/soruresimleri/hackers.jpg'),
('Hackerların favori dili hangisidir?', 'Hackerlar bir programlama dili üzerinde yoğunlaşmaz.Hackerlar problem çözmeyi öğrenir yada yolunu öğrenmeden sadece hacklerler.Genel bir kanıya varmak gerekirsede c dili olabilir.Çünkü c dili güçlü, hızlı ve bir çok cihaz üstünde kolayca derlenebilir.', '2015-06-01 12:31:24', 16, 'genel programlama', 'hacker', 35, 12, '../img/soruresimleri/hackers2.jpg');

-- --------------------------------------------------------

--
-- Tablo için tablo yapısı `testler`
--

CREATE TABLE IF NOT EXISTS `testler` (
  `soru_id` int(11) NOT NULL AUTO_INCREMENT,
  `soru` text NOT NULL,
  `dogru_cevap` varchar(120) NOT NULL,
  `yanlis_cevap1` varchar(120) NOT NULL,
  `yanlis_cevap2` varchar(120) NOT NULL,
  `yanlis_cevap3` varchar(120) NOT NULL,
  `dogru_cevap_sikki` int(11) NOT NULL,
  `yanlis_cevap1_sikki` int(11) NOT NULL,
  `yanlis_cevap2_sikki` int(11) NOT NULL,
  `yanlis_cevap3_sikki` int(11) NOT NULL,
  PRIMARY KEY (`soru_id`)
) ENGINE=MyISAM  DEFAULT CHARSET=utf8 AUTO_INCREMENT=121 ;

--
-- Tablo döküm verisi `testler`
--

INSERT INTO `testler` (`soru_id`, `soru`, `dogru_cevap`, `yanlis_cevap1`, `yanlis_cevap2`, `yanlis_cevap3`, `dogru_cevap_sikki`, `yanlis_cevap1_sikki`, `yanlis_cevap2_sikki`, `yanlis_cevap3_sikki`) VALUES
(1, 'HTML''de buton oluşturmak için input type değeri ne olmalıdır?', 'submit', 'buton', 'check', 'ok', 2, 1, 4, 3),
(2, 'Aşağıdakilerden hangisi HTML''de <u>sıralı</u> liste yapmak için kullanılan etikettir?', 'ol', 'ul', 'li', 'u', 3, 1, 4, 2),
(3, 'HTML5 ile tasarlanacak bir websitenin DOCTYPE bildirimi ne olmalıdır? ', '&lt;!DOCTYPE html&gt;', '&lt;!DOCTYPE html PUBLIC "-//W3C//DTD XHTML 1.1//EN" "http://www.w3.org/TR&gt;', '&lt;!DOCTYPE html5&gt;', '&lt;!DOCTYPE html5PUBLIC "-//W3C//DTD XHTML 1.1//TR" &gt;', 4, 1, 2, 3),
(4, 'Aşağıdakilerden hangisi CSS''in HTML içinde doğru kullanımlarından değildir?', '&lt;stylesheet&gt;body{background-color:#ddd}&lt;stylesheet&gt;', '&lt;link rel="stylesheet" type="text/css" href="stil.css" /&gt;', '&lt;h1 style="color:red;"&gt;Konu Başlığı&lt;/h1&gt;', '&lt;style&gt;body{background-color:#ddd}&lt;/style&gt;', 2, 4, 3, 1),
(5, 'HTML5 form özelliklerinden hangisi bir form öğesine bilgi girilmesini zorunlu kılar?', 'required', 'placeholder', 'step', 'pattern', 2, 1, 4, 3),
(6, 'Aşağıdaki form gönderme metodlarından hangisi gönderilen bilgileri url''de göstermez? ', 'POST', 'GET', 'ACTİON', 'SECRET', 1, 3, 4, 2),
(7, 'HTML''de en büyük(anabaşlık) başlık etiketi hangisidir?', '&lt;h1&gt;', '&lt;h6&gt;', '&lt;head&gt;', '&lt;heading&gt;', 2, 1, 3, 4),
(8, 'HTML''de satır atlama etiketi hangisidir?', '&lt;br&gt;', '&lt;hr&gt;', '&lt;b&gt;', '&lt;lb&gt;', 4, 3, 2, 1),
(9, 'HTML5''de &lt;canvas&gt; elementi ne işe yarar?', 'Çeşitli grafiksel şekiller çizer.', 'Veritabanı bilgilerini gösterir.', 'MYSQL bilgilerini düzenler.', 'Sürüklenebilir öğeler yaratır.', 3, 2, 1, 4),
(10, 'Formlarda slider kontrolü hangi input tipiyle sağlanır? ', 'range', 'slider', 'text', 'placeholder', 3, 2, 1, 4),
(11, 'Aşağıdakilerden hangisi doğru link kullanımıdır?', '&lt;a href="http://www.kodbilimi.com"&gt;kodbilimi&lt;/a&gt;', '&lt;a name="http://www.kodbilimi.com"&gt;kodbilimi.com&lt;/a&gt;', '&lt;a&gt;http://www.kodbilimi.com&lt;/a&gt;', '&lt;a url="http://www.kodbilimi.com"&gt;kodbilimi.com&lt;/a&gt;', 2, 4, 3, 1),
(12, 'Verilen linkin yeni sekmede açılması isteniyorsa hangisi doğrudur?', '&lt;a href="url" target="_blank"&gt;', '&lt;a href="url" new&gt;', '&lt;a href="url" target="new"&gt;', '&lt;a href="url" target="_self"&gt;', 4, 2, 1, 3),
(13, 'Aşağıdakilerden hangisi yazıyı italik yapmak için <u>kullanılmaz</u>?', 'u', 'em', 'cite', 'i', 3, 1, 2, 4),
(14, 'Hangisi metin alanı oluşturmak için kullanılır?', '&lt;textarea&gt;', '&lt;input type="textbox"&gt;', '&lt;input type="textarea"&gt;', '&lt;text&gt;', 1, 2, 3, 4),
(15, 'Hangisi sayfaya resim yerleştirmenin doğru yoludur?', '&lt;img src="image.gif" alt="MyImage"&gt;', '&lt;image src="image.gif" alt="MyImage"&gt;', '&lt;img href="image.gif" alt="MyImage"&gt;', '&lt;img alt="MyImage"&gt;image.gif&lt;/img&gt;', 4, 1, 2, 3),
(16, 'Sayfanın arkaplanına resim yerleştirmek için hangisi yapılabilir?', '&lt;body style="background-image:url(background.gif)"&gt;', '&lt;background img="background.gif"&gt;', '&lt;body background="background.gif"&gt;', '&lt;body background-image="background.gif"&gt;', 3, 1, 4, 2),
(17, 'HTML5''de video ekleme etiketi hangisidir?', '&lt;video&gt;', '&lt;audio&gt;', '&lt;media&gt;', '&lt;movie&gt;', 2, 1, 4, 3),
(18, 'Textbox''un görünen boyunu ayarlamak için input tipine verilen özellik nedir?', 'size="boy"', 'length="boy"', 'value="boy"', 'max="boy"', 1, 4, 2, 3),
(19, 'Aşağıdakilerden hangisinin tamamı tablo elemanlarındandır?', '&lt;table&gt;&lt;tr&gt;&lt;th&gt;', '&lt;table&gt;&lt;tr&gt;&lt;tt&gt;', '&lt;table&gt;&lt;head&gt;&lt;tfoot&gt;', '&lt;thead&gt;&lt;body&gt;&lt;tr&gt;', 2, 1, 3, 4),
(20, 'HTML''in açılımı nedir?', 'Hyper Text Markup Language', 'Home Tool Markup Language', 'Hyperlinks and Text Markup Language', 'Hyper and Text Markup Language', 4, 2, 1, 3),
(21, 'Css'' in açılımı nedir?', 'cascading style sheets', 'curl sheet styles', 'cascading sheets style', 'curved style sheets', 2, 1, 4, 3),
(22, 'Hangisi css''in external kullanımına doğru örnektir?', '&lt;link rel="stylesheet" type="text/css" href="stil.css"&gt;', '&lt;link rel="stylesheet" type="text/css" src="stil.css"&gt;', '&lt;style&gt;stil.css&lt;/style&gt;', '&lt;style&gt;body{color:black}&lt;/style&gt;', 4, 3, 2, 1),
(23, 'Hangisi css''in inline kullanım şeklidir?', '&lt;h1 style="color:black;"&gt;başlık&lt;/h1&gt;', '&lt;style&gt;h1{color:red;}&lt;/style&gt;', '&lt;style src="stil.css"&gt;&lt;/style&gt;', '&lt;link rel="stylesheet" type="text/css" href="mystyle.css"&gt;', 3, 1, 4, 2),
(24, 'İnternal css tanımlamaları sayfanın neresinde olmalıdır?', 'head tagları arasında', 'body tagları arasında', 'sayfanın en başında', 'sayfanın sonunda', 4, 3, 1, 2),
(25, 'Sayfadaki tüm resimlerin boyunu 25x25 ayarlamak istesek hangisi doğru kullanım olur?', 'img{height:25px;width:25px}', 'img.all{height:25px;width:25px}', 'all.img{height:25px;width:25px}', 'img{back-height:25px;back-width:25px}', 3, 1, 4, 2),
(26, 'Css''de hover özelliği ne zaman devreye girer?', 'Mouse ile üzerine gelindiğinde', 'Mouse ile tıklandığında', 'Mouse ile çift tıklandığında', 'Mouse hareket ettiğinde', 3, 4, 1, 2),
(27, '"Bir elementin dış boşluğunu tanımlar." bu tanım hangi görünüm kuralınındır?', 'margin', 'padding', 'border', 'bottom', 2, 1, 3, 4),
(28, 'Elementlerin kenar çizgisini hangi kuralla belirleriz?', 'border', 'z-index', 'overflow', 'display', 1, 4, 2, 3),
(29, 'Bir elementin kenarlığını kesik çizgi ile ayarlamak için border özelliği ne olmalıdır?', 'dashed', 'solid', 'outset', 'inset', 4, 1, 3, 2),
(30, 'Css''de yorum satırı nasıl eklenir?', '/* ... */', '&lt;!-- ... --&gt;', '// .... //', ''' .... ''', 3, 1, 4, 2),
(31, 'Hangi css özelliği yazı rengini değiştirir?', 'color', 'bg-color', 'bacground-color', 'bgcolor', 1, 2, 3, 4),
(32, 'Hangi css özelliği yazı boyutunu ayarlar?', 'font-size', 'text-style', 'size', 'text-size', 4, 2, 1, 3),
(33, 'Aşağıdakilerden hangisi tüm p elementlerini kalın yapar?', 'p {font-weight:bold;}', 'p {text-size:bold;}', '&lt;p style="font-size:bold;"&gt;', '&lt;p style="text-size:bold;"&gt;', 2, 1, 3, 4),
(34, 'Hangisi yazıların altını çizili yapmaya yarar?', 'text-decoration:underline;', 'text-decoration:yes-underline;', 'text:underline;', 'underline:yes;', 3, 1, 4, 2),
(35, 'Yazıların fontlarını hangi özellikle değiştiririz?', 'font-style', 'font', 'text', 'text-decoration', 1, 2, 4, 3),
(36, 'Yazıları nasıl kalın yaparız?', 'font-weight:bold', 'font:bold', 'style:bold', 'font-style:bold', 3, 4, 2, 1),
(37, 'a:link { color: #0000FF; } deyimi ne ise yarar?', 'Ziyaret edilmemis hypertext link’in rengini belirler ', 'Ziyaret edilmis hypertext link’in rengini belirler', 'Ziyaret edilmek için tiklanan hypertext link’in rengini belirler', 'Üzerinde mouse gezinen hypertext link’in rengini belirler', 1, 2, 3, 4),
(38, '  .box { border:1px solid black; } deyimi ne işe yarar?', '&lt;div class="box"&gt;..&lt;/div&gt; ile sinirlanan bölgeye kenarlık çizer', 'Bütün web sayfasina çerçeve çizer', '&lt;div id="box"&gt;..&lt;/div&gt; ile sinirlanan bölgeye kenarlık çizer', 'Bütün div etiketlerine kenarlık çizer', 4, 1, 2, 3),
(39, 'Css dosyalarının uzantısı ne olmalıdır?', '.css', '.txt', '.stylesheet', '.style', 3, 4, 1, 2),
(40, 'Css3''te animasyonun geçiş süresi hangi özellikle ayarlanır?', 'transition-duration', 'transition-property', 'animation-delay', 'animation', 2, 1, 3, 4),
(41, 'PHP''nin açılımı nedir?', 'PHP: Hypertext Preprocessor', 'Private Home Page', 'Personel Hypertext Preprocessor', 'Personel Hyper Page', 3, 1, 2, 4),
(42, 'PHP kodları hangi taglar arasına yazılır?', '&lt;?php ... ?&gt;', '&lt;script> ... &lt;/script&gt;', '&lt;?php> ... &lt;/?&gt;', '&lt;php ... &gt;', 1, 4, 3, 2),
(43, 'PHP''de nasıl, "merhaba" yazdırırız? ', 'echo "merhaba";', 'Document.write("merhaba");', 'say("merhaba");', 'write("merhaba");', 4, 1, 3, 2),
(44, 'PHP dilinde değişkenlerin başına hangi sembol konulur?', '$', '&', '!', '#', 2, 1, 3, 4),
(45, 'PHP komutlarını aşağıdakilerden hangisiyle bitiririz?', ';', '.', '&lt;/php>', ':', 2, 1, 4, 3),
(46, 'PHP''de yorum satırı hangisidir?', '/*...*/', '&lt;comment&gt;...&lt;/comment&gt;', '&lt;!--...--&gt;', '*\\...\\*', 3, 1, 2, 4),
(47, 'toplam değişkenini bir artıran kod hangisinde doğru verilmiştir?', '$toplam++;', '++toplam;', '$toplam =+ 1;', 'toplam++;', 4, 2, 1, 3),
(48, 'Hangisi POST metoduyla gönderilen bilgiyi çekmek için doğru yöntemdir?', '$_POST[];', '$_GET[];', 'POST_$[];', 'POST[];', 3, 1, 2, 4),
(49, 'Hangisi doğru include yöntemidir?', '&lt;?php include "menu.php"; ?&gt;', '&lt;?php include file="menu.php"; ?&gt;', '&lt;?php include:"time.inc"; ?&gt;', '&lt;!-- include file="time.inc" --&gt;', 2, 4, 1, 3),
(50, 'Hangisi doğru bir değişken tanımlaması değildir?', '$3_sayi', '$sayi', '$sayi_3', '$sayi_uc', 2, 1, 3, 4),
(51, 'Aşağıdakilerden hangisi PHP''de fonksiyon oluşturmanın doğru yoludur?', 'function fonksiyonum()', 'new_function fonksiyonum()', 'create fonksiyonum()', 'func fonksiyonum()', 4, 1, 2, 3),
(52, 'MySQL veritabanına hangi kod ile bağlanabiliriz?', 'mysqli_connect(host,username,password,dbname);', 'mysqli_db(host,username,password,dbname);', 'mysqli_open(host,username,password,dbname);', 'mysqli_select(host,username,password,dbname);', 1, 2, 3, 4),
(53, 'String bir ifadenin uzunluğunu hangi fonksiyonla buluruz?', 'strlen();', 'isset()', 'str_split()', 'ucwords()', 3, 1, 2, 4),
(54, 'Bir ifadenin tanımlı olup olmadığını hangi fonksiyonla belirleriz?', 'isset();', 'empty();', 'htmlentities();', 'is_string();', 2, 1, 4, 3),
(55, 'PHP''nin derlenebilmesi server sistemi ne olmalıdır?', 'Linux', 'Windows', 'Mac', 'PHHP', 1, 2, 3, 4),
(56, 'Dizilerde sıralama yapan fonksiyon hangisidir?', 'sort();', 'is_array();', 'array_sum();', 'array();', 4, 1, 2, 3),
(57, 'sqrt() fonksiyonu ne iş yapar?', 'Sayının karekökünü alır.', 'Sayının karesini alır.', 'Üslü sayıları hesaplamak için kullanılır.', 'String bir ifadeyi böler.', 3, 1, 2, 4),
(58, 'Random sayı üretmek için hangi fonksiyonu kullanırız?', 'rand()', 'ceil()', 'floor()', 'random()', 1, 4, 3, 2),
(59, 'PHP ile arama ve değiştirme işlemlerinde kullanılan, belli bir ifadeyi belli bir kalıba göre bulmanızı sağlayan sistem hangisidir?', 'Regex', 'BigData', 'Docker', 'Dotted', 2, 1, 3, 4),
(60, 'Mod almaya yarayan operator hangisidir?', '%', '**', '/', '!=', 1, 2, 3, 4),
(61, 'HTML dökümanlarımızda javascript kodlarını hangi taglar arasına yazarız? ', '&lt;script&gt;', '&lt;javascript&gt;', '&lt;js&gt;', '&lt;scripting&gt;', 3, 2, 4, 1),
(62, '"&lt;p id="demo"&gt;Merhaba.&lt;/p&gt;" Bu kodda paragraf yazısını değiştirmek için kullanılabilecek kod hangisidir?', 'document.getElementById("demo").innerHTML = "Hello World!";', '#demo.innerHTML = "Hello World!";', 'document.getElement("p").innerHTML = "Hello World!";', 'document.getElementByName("p").innerHTML = "Hello World!";', 3, 1, 2, 4),
(63, 'Javascript''in external(harici) kullanımında aşağıdakilerden hangisi doğru yöntemdir?', '&lt;script src="xxx.js"&gt;', '&lt;script name="xxx.js"&gt;', '&lt;script href="xxx.js"&gt;', '&lt;style src="xxx.js"&gt;', 2, 3, 1, 4),
(64, 'Javascript''te mesaj kutusu vermek için kullanılan kod hangisidir?', 'alert("Merhaba");', 'alertBox("Merhaba");', 'msgBox("Merhaba");', 'msg("Merhaba");', 4, 1, 2, 3),
(65, 'Javascrip''te nasıl fonksiyon yaratabiliriz? ', 'function fonksiyonum()', 'function:fonksiyonum()', 'function = fonksiyonum()', 'func fonksiyonum()', 1, 2, 3, 4),
(66, 'Javascrip''te "eğer x 5''e eşit değilse" deyimini nasıl koda dökebiliriz? ', 'if(x != 5)', 'if (i <> 5)', 'if(x =! 5)', 'if (i >< 5)', 2, 1, 4, 3),
(67, 'Javascript''te for döngüsünü nasıl başlatırız?', 'for (i = 0; i <= 5; i++)', 'for (i = 0; i <= 5)', 'for (i <= 5; i++)', 'for i = 1 to 5', 4, 1, 2, 3),
(68, 'Javascript''te yorum satırı aşağıdakilerden hangisidir?', '//Yorum...', '''Yorum...', '&lt;!--...Yorum...-->', '**Yorum...', 1, 4, 3, 2),
(69, 'While döngüsünü nasıl başlatabiliriz?', 'while (i <= 10)', 'while (i <= 10; i++)', 'while i = 1 to 10', 'while (false)', 3, 4, 1, 2),
(70, 'Hangisi javascript''te dizi tanımlamanın doğru yoludur?', 'var meyveler= ["elma", "armut", "muz"]', 'var meyveler= 1 = ("elma"), 2 = ("armut"), 3 = ("muz")', 'var meyveler= "elma", "armut", "muz"', 'var meyveler= (1:"elma", 2:"armut", 3:"muz")', 2, 1, 4, 3),
(71, '2''nin 3. kuvvetini bulan fonksiyon aşağıdakilerden hangisidir?', 'Math.pow(2,3)', 'Math.ceil(a,b)', 'Math.floor(a,b)', 'Math.sqrt(a,b)', 2, 3, 4, 1),
(72, ' 5,25 sayısını en yakın tam sayıya yuvarlayan kod hangisidir? ', 'Math.round(7.25)', 'Math.ceil(7.25)', 'Math.floor(7.25)', 'Math.rnd(7.25)', 3, 2, 1, 4),
(73, 'İki sayıdan büyüğünü bulmamıza yarayan fonksiyon hangisidir?', 'Math.max(x, y)', 'Math.top(x, y)', 'Math.floor(x, y)', 'Math.min(x, y)', 4, 1, 3, 2),
(74, ' Date() sınıfından, tarih adında bir nesne oluşturduğumuzu düşünürsek bügün ayın kaçı oluduğunu nasıl buluruz?', 'tarih.getDate()', 'tarih.getMonth()', 'tarih.getDay()', 'tarih.getHours()', 4, 3, 1, 2),
(75, 'Yeni pencerede bir sayfa açmak için kullanılan kod hangisidir?', 'window.open("anasayfa.html")', 'open("anasayfa.html")', 'window.status("anasayfa.html")', 'window("anasayfa.html")', 1, 3, 4, 2),
(76, 'Sayfayı yenilemek için kullanılan kod hangisidir?', 'location.reload()', 'location.refresh()', 'location.go()', 'location.rld()', 3, 1, 2, 4),
(77, 'Kullanıcı ile iletişime geçmek için kullanılan metin kutusu komutu aşağıdakilerden hangisidir?', 'prompt()', 'alert()', 'textbox()', 'text()', 2, 1, 4, 3),
(78, 'Metinsel bir ifadenin istenilen bölümünü almamıza yarayan kod hangisidir?', 'substr(..,..)', 'toLowerCase(..,..)', 'toUpperCase(..,..)', 'moveto(..,..)', 4, 1, 2, 3),
(79, 'Bir mesaj kutusunun olaydan 3 saniye sonra oluşmasını isteseydik hangi kodu kullanırdık?', 'setTimeout("alert(''Evet Bu'')", 3000)', 'setTimeout("alert(''Evet Bu'')", 300)', 'setTimezone("alert(''Evet Bu'')", 300)', 'setTimezone("alert(''Evet Bu'')", 3000)', 1, 3, 2, 4),
(80, 'Javascript kodlarının çalışması için sunucu gereklimidir?', 'Hayır', 'Evet', '', '', 1, 2, 3, 4),
(81, 'SQL''in açılımı nedir?', 'Structured Query Language', 'Strong Question Language', 'Structured Question Language', 'Strong Query Language', 2, 1, 3, 4),
(82, 'Hangi SQL ifadesi veritabanından veri çekmek için kullanılır?', 'SELECT', 'OPEN', 'GET', 'EXTRACT', 4, 1, 2, 3),
(83, 'Hangi SQL ifadesi kayıtlı veriyi güncellemek için kullanılır?', 'UPDATE', 'SAVE', 'SAVE AS', 'MODIFY', 1, 2, 3, 4),
(84, 'Hangi SQL ifadesi kayıtlı veriyi silmek için kullanılır?', 'DELETE', 'DEL', 'REMOVE', 'COLLAPSE', 3, 1, 2, 4),
(85, 'Hangi SQL ifadesi veritabanına kayıt eklemek için kullanılır?', 'INSERT INTO', 'INSERT NEW', 'NEW DATA', 'ADD RECORD', 1, 3, 2, 4),
(86, 'SQL''de insanlar tablosundaki isim kolonunu nasıl seçeriz?', 'SELECT isimler FROM insanlar', 'EXTRACT isimler FROM insanlar', 'FROM isimler SELECT insanlar', 'SELECT insanlar.isim', 3, 1, 2, 4),
(87, 'SQL''de uyeler tablosundaki tüm kolonları nasıl seçeriz?', 'SELECT * FROM uyeler ', 'SELECT uyeler ', 'SELECT *.uyeler ', 'SELECT uyeler FROM *', 4, 1, 2, 3),
(88, 'Aşağıdaki SQL komutlarının hangisi ile uyeler tablosundaki ismi ahmet olan satırı çekebiliriz?', 'SELECT * FROM uyeler WHERE isim=''Ahmet''', 'SELECT [all] FROM uyeler WHERE isim LIKE ''Ahmet''', 'SELECT * FROM uyeler WHERE isim LIKE ''Ahmet''', 'SELECT * FROM uyeler LIKE isim=''Ahmet''', 3, 2, 4, 1),
(89, 'Aşağıdakilerin hangisi SQL ifadesi değildir?', 'LOOK', 'ORDER BY', 'LIKE', 'OFFSET', 1, 3, 4, 2),
(90, 'Aşağıdaki sorgulardan hangisi ismi "a" ile başlayan uyelerin listesini döndürür?', 'SELECT * FROM uyeler WHERE isim LIKE ''a%''', 'SELECT * FROM uyeler WHERE isim LIKE ''%a%''', 'SELECT * FROM uyeler WHERE isim LIKE ''%a''', 'SELECT * FROM uyeler WHERE isim=''a%''', 4, 1, 3, 2),
(91, 'SQL''de uyeler tablosundaki ismi kemal, soyadı sunal olan satırı nasıl çekeriz?', 'SELECT * FROM uyeler WHERE isim=''kemal'' AND soyad=''sunal''', 'SELECT isim=''kemal'', soyad=''sunal'' FROM uyeler', 'SELECT * FROM uyeler WHERE isim<>''kemal'' AND soyad<>''sunal''', 'SELECT * FROM uyeler WHERE isim=''kemal'' OR soyad=''sunal''', 2, 4, 3, 1),
(92, 'SQL''de uyeler tablosundaki, alfabetik olarak sıralı soyadı kolonundan, soyadı aydın ile çelik arasındaki kayıtları nasıl çekeriz?', 'SELECT * FROM uyeler WHERE soyad BETWEEN ''aydın'' AND ''çelik''', 'SELECT * FROM uyeler WHERE soyad OFFSET ''aydın'' AND ''çelik''', 'SELECT * FROM uyeler WHERE soyad LIMIT ''aydın'' AND ''çelik''', 'SELECT * FROM uyeler WHERE soyad OR ''aydın'' AND ''çelik''', 3, 1, 2, 4),
(93, 'Hangi SQL ifadesi verileri sıralamak için kullanılır?', 'ORDER BY', 'SORT BY', 'SORT', 'ORDER', 2, 1, 4, 3),
(94, 'Aşağıdaki ifadelerden hangisi tersten sıralama için kullanılır?', 'DESC', 'ONLY', 'ROWS', 'NEXT OF', 1, 4, 3, 2),
(95, 'SQL''de uyeler tablosuna nasıl kayıt ekleriz?', 'INSERT INTO uyeler VALUES (''Zeki'', ''Müren'')', 'INSERT (''Zeki'', ''Müren'') INTO uyeler', 'INSERT VALUES (''Zeki'', ''Müren'') INTO uyeler', 'ADD ROW uyeler VALUES (''Zeki'', ''Müren'')', 3, 2, 4, 1),
(96, 'Uyeler tablosundaki toplam kayıt sayısını nasıl buluruz?', 'SELECT COUNT(*) FROM uyeler', 'SELECT COUNT() FROM Persons', 'SELECT COLOMNS(*) FROM Persons', 'SELECT COLOMNS() FROM Persons', 4, 1, 3, 2),
(97, 'SQL''de 20. kayıttan itibaren sıralayan kod hangisidir?', 'OFFSET 20', 'LIMIT 20', 'NEXT 20', 'FETCH 20', 1, 3, 2, 4),
(98, ' Uyeler tablosundaki, adı ali olan kayıtı nasıl sileriz?', 'DELETE FROM uyeler WHERE ad= ''ali''', 'DELETE ROW ad= ''ali'' FROM uyeler', 'DELETE ad= ''ali'' FROM uyeler', 'DELETE ad= ''ali'' ', 3, 2, 1, 4),
(99, ' Uyeler tablosundaki soyadı kılıç olan üyenin, soyadını çelik olarak değiştiren komut hangisidir?', 'UPDATE uyeler SET soyad=''çelik'' WHERE soyad=''kılıç''', 'MODIFY uyeler SET soyad=''çelik'' WHERE soyad=''kılıç''', 'MODIFY uyeler SET soyad=''kılıç'' WHERE soyad=''çelik''', 'UPDATE uyeler SET soyad=''kılıç'' WHERE soyad=''çelik''', 2, 1, 3, 4),
(100, ' Uyeler tablosuna soyadı aydın olan kişiyi hangi komutla ekleriz?', 'INSERT INTO uyeler (soyad) VALUES (''aydın'')', 'INSERT (''aydın'') INTO uyeler (sayad)', 'INSERT INTO uyeler (''aydın'') INTO sayad', 'SELECT uyeler (soyad) VALUES (''aydın'')', 2, 1, 4, 3),
(101, 'Bir problemin çözümünde izlenecek yol anlamına gelen programcılıkta sıkça kullanılan çözüm yöntemine ne ad verilir?', 'Algoritma', 'Etkinlik', 'Imagine', 'Çıktı', 3, 1, 4, 2),
(102, 'Algoritmalarda for döngüsü hangi şekil ile ifade edilir?', '<img src="../img/konuresimleri/dongu.jpg" width="68" height="45" alt="algoritma dongu simgesi" />', '<img src="../img/konuresimleri/algoritma_if.jpg" width="68" height="45" alt="algoritma if simgesi" />', '<img src="../img/konuresimleri/algoritma_girdi.jpg" width="68" height="45" alt="algoritma girdi simgesi" />', '<img src="../img/konuresimleri/algoritma_basla.jpg" width="68" height="45" alt="algoritma başlangıç simgesi" />', 2, 1, 3, 4),
(103, 'Algoritmalarda başlangıç hangi şekil ile ifade edilir?', '<img src="../img/konuresimleri/algoritma_basla.jpg" width="68" height="45" alt="algoritma başlangıç simgesi" />', '<img src="../img/konuresimleri/algoritma_if.jpg" width="68" height="45" alt="algoritma if simgesi" />', '<img src="../img/konuresimleri/algoritma_girdi.jpg" width="68" height="45" alt="algoritma girdi simgesi" />', '<img src="../img/konuresimleri/dongu.jpg" width="68" height="45" alt="algoritma döngü simgesi" />', 4, 1, 3, 2),
(104, 'Algoritmalarda if karar yapısı hangi şekil ile ifade edilir?', '<img src="../img/konuresimleri/algoritma_if.jpg" width="68" height="45" alt="algoritma if simgesi" />', '<img src="../img/konuresimleri/algoritma_basla.jpg" width="68" height="45" alt="algoritma dongu simgesi" />', '<img src="../img/konuresimleri/algoritma_girdi.jpg" width="68" height="45" alt="algoritma girdi simgesi" />', '<img src="../img/konuresimleri/dongu.jpg" width="68" height="45" alt="algoritma başlangıç simgesi" />', 1, 4, 3, 2),
(105, 'Algoritmalarda girdiler veya çıktılar hangi şekil ile ifade edilir?\r\n\r\n\r\n', '<img src="../img/konuresimleri/algoritma_girdi.jpg" width="68" height="45" alt="algoritma girdi simgesi" />', '<img src="../img/konuresimleri/algoritma_basla.jpg" width="68" height="45" alt="algoritma dongu simgesi" />', '<img src="../img/konuresimleri/algoritma_if.jpg" width="68" height="45" alt="algoritma if simgesi" />', '<img src="../img/konuresimleri/dongu.jpg" width="68" height="45" alt="algoritma başlangıç simgesi" />', 3, 4, 1, 2),
(106, 'Aşağıdaki değişken bildirimlerinden hangisi text(yazı) ifadeleri için kullanılır?', 'string', 'boolean', 'int', 'double', 4, 2, 3, 1),
(107, 'Yazılım geliştiricilerinin proje geliştirmesinde onlara yardımcı olan kod yazma platformlarına ne denir?', 'IDE', 'API', 'DLL', 'STUDIO', 2, 1, 4, 3),
(108, 'Aşağıdakilerin hangisi aritmetik oparatörlerden <u>değildir</u>?', '<', '+', '*', '%', 3, 2, 4, 1),
(109, 'Ana bellekte hiçbir adresi işaret etmeyen veri tiplerine ne ad verilir?', 'null', 'short', 'byte', 'float', 1, 2, 3, 4),
(110, 'Tam sayıları ifade ederken hangi veri tipini kullanabiliriz?', 'int', 'float', 'double', 'null', 2, 1, 3, 4),
(111, 'Projelerde kullanılacak bilgilerin depolandığı sistemlere ne ad verilir?', 'Veritabanı', 'Diziler', 'Yığınlar', 'Pointer', 2, 1, 4, 3),
(112, 'Kullanıcının bilgi girişi, üyelik girişi gibi girdilerinin alınabilmesi için kutu biçimindeki alana programlama dilinde ne denir?', 'Textbox', 'Messagebox', 'Textbar', 'Textarea', 3, 2, 1, 4),
(113, 'Türkçede yüklenme çubuğu dediğimiz çubuk şeklindeki dolan alana c# dilinde ne denir?', 'Progressbar', 'Loadingarea', 'Prograsive', 'Loadbar', 1, 3, 2, 4),
(114, 'Java dilinde Textboxların içeriğini değiştiren kod hangisidir?', 'setText();', 'Text();', 'ChangeText();', 'TextChanged();', 4, 1, 2, 3),
(115, 'C# dilinde ekran çıktısı hangi kod ile sağlanır?', 'Console.Write();', 'Console.ReadLine();', 'Console.ReadKey();', 'Console.Wr();', 2, 1, 3, 4),
(116, 'Java dilinde ekran çıktısı hangi kod ile sağlanır?', 'System.out.println();', 'System.out.write();', 'System.in.println();', 'System.in.write();', 1, 3, 2, 4),
(117, ' Android programlamada herbir  sayfaya ne ad verilir? ', 'Activity', 'Form', 'AndroidForm', 'Sandbox', 2, 1, 3, 4),
(118, 'Aşağıdaki Ide''lerden hangisi ile Java geliştirmesi yapılamaz?', 'Dreamweaver', 'Netbeans', 'Eclipse', 'IntelliJ', 3, 1, 2, 4),
(119, 'Nesne yönelimli programlamanın temel taşı olan, programın kullanacağı fonksiyonların, değişkenlerin... bulunduğu yapıya ne denir?', 'Class', 'Object', 'main', 'import', 1, 2, 3, 4),
(120, 'Android''de programın simgesinin ve arama,paylaşma,ayarlar gibi özelliklerin bulunduğu üst alana ne ad verilir?', 'Actionbar', 'Navigationbar', 'Activity', 'Struct', 4, 1, 3, 2);

/*!40101 SET CHARACTER_SET_CLIENT=@OLD_CHARACTER_SET_CLIENT */;
/*!40101 SET CHARACTER_SET_RESULTS=@OLD_CHARACTER_SET_RESULTS */;
/*!40101 SET COLLATION_CONNECTION=@OLD_COLLATION_CONNECTION */;
